node,file_number,command_index,operation,key,insert_value,returned_value,expected_value,freshness,start_time,end_time,response_time,status
127.0.0.1:8000,00,0,query,Hey Jude,,False,,,1741713782.3815556,1741713782.3902943,0.00873875617980957,queried
127.0.0.1:8001,01,0,query,What's Going On,,False,,,1741713782.381822,1741713782.4531717,0.0713496208190918,queried
127.0.0.1:8006,02,0,query,Like a Rolling Stone,,583,,stale,1741713782.383698,1741713782.5404246,0.15672659873962402,queried
127.0.0.1:8004,03,0,query,Hey Jude,,False,,,1741713782.3840334,1741713782.5193088,0.13527536392211914,queried
127.0.0.1:8005,04,0,query,Like a Rolling Stone,,583,,stale,1741713782.3876064,1741713782.4845014,0.09689497947692871,queried
127.0.0.1:8007,05,0,query,Hey Jude,,False,,,1741713782.389797,1741713782.4594789,0.06968188285827637,queried
127.0.0.1:8000,00,1,insert,Respect,528,,,,1741713782.3903387,1741713782.419252,0.028913259506225586,sent
127.0.0.1:8002,06,0,query,Like a Rolling Stone,,583,,stale,1741713782.3937285,1741713782.4565806,0.06285214424133301,queried
127.0.0.1:8003,07,0,insert,Like a Rolling Stone,583,,,,1741713782.395985,1741713782.4449706,0.04898571968078613,sent
127.0.0.1:8000,00,2,query,Hey Jude,,False,,,1741713782.4192615,1741713782.4274235,0.00816202163696289,queried
127.0.0.1:8000,00,3,query,Like a Rolling Stone,,583,583,fresh,1741713782.4274592,1741713782.4330828,0.005623579025268555,queried
127.0.0.1:8000,00,4,query,Respect,,528,528,fresh,1741713782.4331248,1741713782.513259,0.08013415336608887,queried
127.0.0.1:8003,07,1,insert,What's Going On,510,,,,1741713782.4449832,1741713782.586694,0.14171075820922852,sent
127.0.0.1:8001,01,1,query,What's Going On,,False,510,,1741713782.4532182,1741713782.5306928,0.07747459411621094,queried
127.0.0.1:8002,06,1,query,Respect,,528,528,fresh,1741713782.456633,1741713782.5158827,0.0592496395111084,queried
127.0.0.1:8007,05,1,query,Like a Rolling Stone,,583,583,fresh,1741713782.459517,1741713782.5101922,0.050675153732299805,queried
127.0.0.1:8005,04,1,query,Respect,,528,528,fresh,1741713782.4845555,1741713782.581907,0.0973515510559082,queried
127.0.0.1:8007,05,2,query,What's Going On,,False,510,,1741713782.510241,1741713782.54241,0.03216886520385742,queried
127.0.0.1:8000,00,5,insert,Respect,522,,,,1741713782.513298,1741713782.5580287,0.04473066329956055,sent
127.0.0.1:8002,06,2,query,Like a Rolling Stone,,583,583,fresh,1741713782.5159187,1741713782.5842664,0.06834769248962402,queried
127.0.0.1:8004,03,1,query,Hey Jude,,542,,stale,1741713782.5193706,1741713782.6244712,0.10510063171386719,queried
127.0.0.1:8001,01,2,query,Hey Jude,,542,,stale,1741713782.5307336,1741713782.6537833,0.12304973602294922,queried
127.0.0.1:8006,02,1,insert,Hey Jude,524,,,,1741713782.5404608,1741713782.6678302,0.12736940383911133,sent
127.0.0.1:8007,05,3,query,Hey Jude,,542,524,stale,1741713782.542449,1741713782.621856,0.0794069766998291,queried
127.0.0.1:8000,00,6,insert,Hey Jude,542,,,,1741713782.5580404,1741713782.5795672,0.021526813507080078,sent
127.0.0.1:8000,00,7,query,Hey Jude,,542,542 | 524,stale,1741713782.57958,1741713782.5893378,0.009757757186889648,queried
127.0.0.1:8005,04,2,query,Hey Jude,,542 | 524,542 | 524,fresh,1741713782.5819452,1741713782.6710415,0.0890963077545166,queried
127.0.0.1:8002,06,3,query,Hey Jude,,542 | 524,542 | 524,fresh,1741713782.5843031,1741713782.664883,0.08057975769042969,queried
127.0.0.1:8003,07,2,query,Hey Jude,,542,542 | 524,stale,1741713782.5867057,1741713782.6364799,0.049774169921875,queried
127.0.0.1:8000,00,8,query,Hey Jude,,542,542 | 524,stale,1741713782.5893772,1741713782.5944817,0.005104541778564453,queried
127.0.0.1:8000,00,9,query,Respect,,528 | 522,528 | 522,fresh,1741713782.5945225,1741713782.6482043,0.05368185043334961,queried
127.0.0.1:8007,05,4,query,Hey Jude,,542 | 524,542 | 524,fresh,1741713782.6218936,1741713782.7000096,0.07811594009399414,queried
127.0.0.1:8004,03,2,query,Hey Jude,,542 | 524,542 | 524,fresh,1741713782.624505,1741713782.7111137,0.0866086483001709,queried
127.0.0.1:8003,07,3,query,Hey Jude,,542 | 524,542 | 524,fresh,1741713782.6365168,1741713782.6971498,0.060632944107055664,queried
127.0.0.1:8000,00,10,query,What's Going On,,510,510,fresh,1741713782.6482453,1741713782.6597865,0.011541128158569336,queried
127.0.0.1:8001,01,3,query,Hey Jude,,542 | 524,542 | 524,fresh,1741713782.6538293,1741713782.6612506,0.007421255111694336,queried
127.0.0.1:8000,00,11,insert,Like a Rolling Stone,582,,,,1741713782.6598287,1741713782.7030437,0.043215036392211914,sent
127.0.0.1:8001,01,4,query,Hey Jude,,542 | 524,542 | 524,fresh,1741713782.6612887,1741713782.6734445,0.012155771255493164,queried
127.0.0.1:8002,06,4,query,What's Going On,,510,510,fresh,1741713782.6649237,1741713782.6762784,0.011354684829711914,queried
127.0.0.1:8006,02,2,query,Like a Rolling Stone,,583,583 | 582,stale,1741713782.6678402,1741713782.6759772,0.008136987686157227,queried
127.0.0.1:8005,04,3,query,Respect,,528 | 522,528 | 522,fresh,1741713782.671082,1741713782.7784526,0.10737061500549316,queried
127.0.0.1:8001,01,5,query,Respect,,528 | 522,528 | 522,fresh,1741713782.6734776,1741713782.690628,0.017150402069091797,queried
127.0.0.1:8006,02,3,query,Like a Rolling Stone,,583,583 | 582,stale,1741713782.6760116,1741713782.684973,0.00896143913269043,queried
127.0.0.1:8002,06,5,query,What's Going On,,510,510,fresh,1741713782.6763017,1741713782.688803,0.012501239776611328,queried
127.0.0.1:8006,02,4,query,Hey Jude,,542 | 524,542 | 524,fresh,1741713782.6850178,1741713782.6933534,0.008335590362548828,queried
127.0.0.1:8002,06,6,insert,Respect,516,,,,1741713782.6888404,1741713782.7764459,0.08760547637939453,sent
127.0.0.1:8001,01,6,query,What's Going On,,510 | 590,510,stale,1741713782.6906657,1741713782.799344,0.10867834091186523,queried
127.0.0.1:8006,02,5,insert,What's Going On,590,,,,1741713782.693387,1741713782.7666793,0.07329225540161133,sent
127.0.0.1:8003,07,4,query,Hey Jude,,542 | 524,542 | 524,fresh,1741713782.6971927,1741713782.7443738,0.047181129455566406,queried
127.0.0.1:8007,05,5,query,Respect,,528 | 522 | 516,528 | 522 | 516,fresh,1741713782.7000422,1741713782.8095036,0.10946130752563477,queried
127.0.0.1:8000,00,12,insert,Like a Rolling Stone,504,,,,1741713782.7030547,1741713782.751473,0.048418283462524414,sent
127.0.0.1:8004,03,3,query,Hey Jude,,542 | 524,542 | 524,fresh,1741713782.7111487,1741713782.8073668,0.09621810913085938,queried
127.0.0.1:8003,07,5,query,Hey Jude,,542 | 524,542 | 524,fresh,1741713782.7444098,1741713782.7903876,0.04597783088684082,queried
127.0.0.1:8000,00,13,query,What's Going On,,510 | 590,510 | 590,fresh,1741713782.751483,1741713782.7627826,0.011299610137939453,queried
127.0.0.1:8000,00,14,insert,What's Going On,531,,,,1741713782.762823,1741713782.8622305,0.09940743446350098,sent
127.0.0.1:8006,02,6,query,Like a Rolling Stone,,583 | 582 | 504,583 | 582 | 504,fresh,1741713782.766689,1741713782.7731268,0.006437778472900391,queried
127.0.0.1:8006,02,7,query,Hey Jude,,542 | 524,542 | 524,fresh,1741713782.7731621,1741713782.783583,0.010420799255371094,queried
127.0.0.1:8002,06,7,query,Hey Jude,,542 | 524,542 | 524,fresh,1741713782.776459,1741713782.832751,0.056292057037353516,queried
127.0.0.1:8005,04,4,query,Hey Jude,,542 | 524,542 | 524,fresh,1741713782.7786007,1741713782.8512557,0.07265496253967285,queried
127.0.0.1:8006,02,8,query,Hey Jude,,542 | 524,542 | 524,fresh,1741713782.7836263,1741713782.7959385,0.012312173843383789,queried
127.0.0.1:8003,07,6,query,What's Going On,,510 | 590,510 | 590 | 531,stale,1741713782.7904205,1741713782.8027232,0.012302637100219727,queried
127.0.0.1:8006,02,9,query,Hey Jude,,542 | 524,542 | 524,fresh,1741713782.7959762,1741713782.8053102,0.009334087371826172,queried
127.0.0.1:8001,01,7,query,Hey Jude,,542 | 524,542 | 524,fresh,1741713782.7993834,1741713782.8204544,0.02107095718383789,queried
127.0.0.1:8003,07,7,query,Respect,,528 | 522 | 516,528 | 522 | 516,fresh,1741713782.80278,1741713782.8639686,0.061188697814941406,queried
127.0.0.1:8006,02,10,query,Hey Jude,,542 | 524,542 | 524,fresh,1741713782.805364,1741713782.8149679,0.00960397720336914,queried
127.0.0.1:8004,03,4,query,Like a Rolling Stone,,583 | 582 | 504,583 | 582 | 504,fresh,1741713782.807417,1741713782.9175076,0.11009073257446289,queried
127.0.0.1:8007,05,6,query,Hey Jude,,542 | 524,542 | 524,fresh,1741713782.8095467,1741713782.8926692,0.08312249183654785,queried
127.0.0.1:8006,02,11,query,What's Going On,,510 | 590 | 531,510 | 590 | 531,fresh,1741713782.81502,1741713782.8968832,0.0818631649017334,queried
127.0.0.1:8001,01,8,query,Hey Jude,,542 | 524,542 | 524,fresh,1741713782.8204908,1741713782.8311393,0.010648488998413086,queried
127.0.0.1:8001,01,9,query,Hey Jude,,542 | 524,542 | 524,fresh,1741713782.8311768,1741713782.844102,0.012925148010253906,queried
127.0.0.1:8002,06,8,insert,Hey Jude,513,,,,1741713782.8328183,1741713782.9040017,0.07118344306945801,sent
127.0.0.1:8001,01,10,query,Like a Rolling Stone,,583 | 582 | 504,583 | 582 | 504,fresh,1741713782.8441424,1741713782.8572648,0.013122320175170898,queried
127.0.0.1:8005,04,5,query,Hey Jude,,542 | 524 | 513,542 | 524 | 513,fresh,1741713782.8513093,1741713782.9317179,0.08040857315063477,queried
127.0.0.1:8001,01,11,insert,Like a Rolling Stone,536,,,,1741713782.8572984,1741713783.0136995,0.1564011573791504,sent
127.0.0.1:8000,00,15,query,What's Going On,,510 | 590 | 531,510 | 590 | 531,fresh,1741713782.8622408,1741713782.8747036,0.012462854385375977,queried
127.0.0.1:8003,07,8,query,What's Going On,,510 | 590 | 531,510 | 590 | 531,fresh,1741713782.8640044,1741713782.8782547,0.01425027847290039,queried
127.0.0.1:8000,00,16,query,Respect,,528 | 522 | 516,528 | 522 | 516,fresh,1741713782.8747566,1741713782.901919,0.02716231346130371,queried
127.0.0.1:8003,07,9,query,Like a Rolling Stone,,583 | 582 | 504,583 | 582 | 504 | 536,stale,1741713782.8783014,1741713782.9382894,0.05998802185058594,queried
127.0.0.1:8007,05,7,query,Like a Rolling Stone,,583 | 582 | 504 | 575,583 | 582 | 504 | 536,stale,1741713782.8927057,1741713783.0049436,0.11223793029785156,queried
127.0.0.1:8006,02,12,query,What's Going On,,510 | 590 | 531,510 | 590 | 531,fresh,1741713782.896921,1741713782.9526489,0.05572795867919922,queried
127.0.0.1:8000,00,17,query,Respect,,528 | 522 | 516,528 | 522 | 516,fresh,1741713782.9019587,1741713782.928683,0.02672433853149414,queried
127.0.0.1:8002,06,9,insert,Like a Rolling Stone,575,,,,1741713782.904013,1741713782.968188,0.06417512893676758,sent
127.0.0.1:8004,03,5,query,Respect,,528 | 522 | 516,528 | 522 | 516,fresh,1741713782.9175465,1741713782.9243622,0.006815671920776367,queried
127.0.0.1:8004,03,6,insert,Hey Jude,523,,,,1741713782.9243968,1741713783.028401,0.1040041446685791,sent
127.0.0.1:8000,00,18,query,Respect,,528 | 522 | 516,528 | 522 | 516,fresh,1741713782.928724,1741713782.971142,0.04241800308227539,queried
127.0.0.1:8005,04,6,query,Hey Jude,,542 | 524 | 513 | 523,542 | 524 | 513 | 523,fresh,1741713782.9317598,1741713783.0313416,0.09958171844482422,queried
127.0.0.1:8003,07,10,query,Respect,,528 | 522 | 516,528 | 522 | 516,fresh,1741713782.938334,1741713783.0208955,0.08256149291992188,queried
127.0.0.1:8006,02,13,query,Hey Jude,,542 | 524 | 513,542 | 524 | 513 | 523,stale,1741713782.9526873,1741713782.9580185,0.005331277847290039,queried
127.0.0.1:8006,02,14,query,Respect,,528 | 522 | 516,528 | 522 | 516,fresh,1741713782.9580576,1741713782.9657333,0.007675647735595703,queried
127.0.0.1:8006,02,15,query,Hey Jude,,542 | 524 | 513,542 | 524 | 513 | 523,stale,1741713782.9657836,1741713782.9735262,0.007742643356323242,queried
127.0.0.1:8002,06,10,query,Hey Jude,,542 | 524 | 513 | 523,542 | 524 | 513 | 523,fresh,1741713782.9681997,1741713783.0194,0.051200151443481445,queried
127.0.0.1:8000,00,19,query,What's Going On,,510 | 590 | 531,510 | 590 | 531,fresh,1741713782.9711914,1741713782.987947,0.01675558090209961,queried
127.0.0.1:8006,02,16,query,Respect,,528 | 522 | 516,528 | 522 | 516,fresh,1741713782.9735637,1741713782.9776735,0.004109859466552734,queried
127.0.0.1:8006,02,17,query,Hey Jude,,542 | 524 | 513,542 | 524 | 513 | 523,stale,1741713782.9777133,1741713782.9843156,0.006602287292480469,queried
127.0.0.1:8006,02,18,query,Hey Jude,,542 | 524 | 513,542 | 524 | 513 | 523,stale,1741713782.984354,1741713782.995958,0.011604070663452148,queried
127.0.0.1:8000,00,20,query,Hey Jude,,542 | 524 | 513 | 523,542 | 524 | 513 | 523,fresh,1741713782.9879887,1741713783.002203,0.014214277267456055,queried
127.0.0.1:8006,02,19,query,What's Going On,,510 | 590 | 531,510 | 590 | 531,fresh,1741713782.9959989,1741713783.0545654,0.05856657028198242,queried
127.0.0.1:8000,00,21,query,Like a Rolling Stone,,583 | 582 | 504 | 575 | 536,583 | 582 | 504 | 575 | 536,fresh,1741713783.0022511,1741713783.0172586,0.015007495880126953,queried
127.0.0.1:8007,05,8,query,Hey Jude,,542 | 524 | 513 | 523 | 596,542 | 524 | 513 | 523,stale,1741713783.0049827,1741713783.088602,0.08361935615539551,queried
127.0.0.1:8001,01,12,insert,Like a Rolling Stone,520,,,,1741713783.0137124,1741713783.1278543,0.11414194107055664,sent
127.0.0.1:8000,00,22,insert,Hey Jude,596,,,,1741713783.0172994,1741713783.0442832,0.02698373794555664,sent
127.0.0.1:8002,06,11,insert,Hey Jude,525,,,,1741713783.0194428,1741713783.0836434,0.06420063972473145,sent
127.0.0.1:8003,07,11,query,Like a Rolling Stone,,583 | 582 | 504 | 575 | 536,583 | 582 | 504 | 575 | 536 | 520,stale,1741713783.0209377,1741713783.0802875,0.059349775314331055,queried
127.0.0.1:8004,03,7,query,Hey Jude,,542 | 524 | 513 | 523 | 596 | 525,542 | 524 | 513 | 523 | 596 | 525,fresh,1741713783.0284119,1741713783.1561098,0.12769794464111328,queried
127.0.0.1:8005,04,7,query,Hey Jude,,542 | 524 | 513 | 523 | 596 | 525,542 | 524 | 513 | 523 | 596 | 525,fresh,1741713783.0313842,1741713783.1316893,0.10030508041381836,queried
127.0.0.1:8000,00,23,query,Like a Rolling Stone,,583 | 582 | 504 | 575 | 536,583 | 582 | 504 | 575 | 536 | 520,stale,1741713783.044296,1741713783.0588458,0.014549732208251953,queried
127.0.0.1:8006,02,20,query,Hey Jude,,542 | 524 | 513 | 523 | 596,542 | 524 | 513 | 523 | 596 | 525,stale,1741713783.05461,1741713783.0625772,0.007967233657836914,queried
127.0.0.1:8000,00,24,query,Like a Rolling Stone,,583 | 582 | 504 | 575 | 536,583 | 582 | 504 | 575 | 536 | 520,stale,1741713783.058888,1741713783.0746555,0.015767574310302734,queried
127.0.0.1:8006,02,21,query,Like a Rolling Stone,,583 | 582 | 504 | 575 | 536,583 | 582 | 504 | 575 | 536 | 520,stale,1741713783.0626183,1741713783.0702202,0.00760197639465332,queried
127.0.0.1:8006,02,22,insert,Like a Rolling Stone,599,,,,1741713783.0702598,1741713783.182728,0.11246824264526367,sent
127.0.0.1:8000,00,25,query,Hey Jude,,542 | 524 | 513 | 523 | 596 | 525,542 | 524 | 513 | 523 | 596 | 525,fresh,1741713783.0746963,1741713783.081943,0.007246732711791992,queried
127.0.0.1:8003,07,12,query,Hey Jude,,542 | 524 | 513 | 523 | 596 | 525,542 | 524 | 513 | 523 | 596 | 525,fresh,1741713783.0803273,1741713783.1451576,0.06483030319213867,queried
127.0.0.1:8000,00,26,query,Hey Jude,,542 | 524 | 513 | 523 | 596 | 525,542 | 524 | 513 | 523 | 596 | 525,fresh,1741713783.0819755,1741713783.0934036,0.011428117752075195,queried
127.0.0.1:8002,06,12,query,Respect,,528 | 522 | 516,528 | 522 | 516,fresh,1741713783.0836558,1741713783.1499996,0.06634378433227539,queried
127.0.0.1:8007,05,9,query,Respect,,528 | 522 | 516,528 | 522 | 516,fresh,1741713783.088737,1741713783.1712413,0.0825042724609375,queried
127.0.0.1:8000,00,27,query,What's Going On,,510 | 590 | 531,510 | 590 | 531,fresh,1741713783.0934484,1741713783.11193,0.01848149299621582,queried
127.0.0.1:8000,00,28,query,Hey Jude,,542 | 524 | 513 | 523 | 596 | 525,542 | 524 | 513 | 523 | 596 | 525,fresh,1741713783.111997,1741713783.133745,0.021748065948486328,queried
127.0.0.1:8001,01,13,query,Respect,,528 | 522 | 516,528 | 522 | 516,fresh,1741713783.1278658,1741713783.1348217,0.006955862045288086,queried
127.0.0.1:8005,04,8,query,Hey Jude,,542 | 524 | 513 | 523 | 596 | 525,542 | 524 | 513 | 523 | 596 | 525,fresh,1741713783.1317286,1741713783.2243025,0.09257388114929199,queried
127.0.0.1:8000,00,29,query,Hey Jude,,542 | 524 | 513 | 523 | 596 | 525,542 | 524 | 513 | 523 | 596 | 525,fresh,1741713783.1338441,1741713783.1514556,0.01761150360107422,queried
127.0.0.1:8001,01,14,query,What's Going On,,510 | 590 | 531,510 | 590 | 531,fresh,1741713783.1348603,1741713783.2320478,0.09718751907348633,queried
127.0.0.1:8003,07,13,insert,What's Going On,521,,,,1741713783.1451945,1741713783.3189921,0.173797607421875,sent
127.0.0.1:8002,06,13,query,Like a Rolling Stone,,583 | 582 | 504 | 575 | 536 | 520 | 599,583 | 582 | 504 | 575 | 536 | 520 | 599,fresh,1741713783.150038,1741713783.1967459,0.046707868576049805,queried
127.0.0.1:8000,00,30,query,Hey Jude,,542 | 524 | 513 | 523 | 596 | 525,542 | 524 | 513 | 523 | 596 | 525,fresh,1741713783.1514904,1741713783.1617749,0.010284423828125,queried
127.0.0.1:8004,03,8,query,Like a Rolling Stone,,583 | 582 | 504 | 575 | 536 | 520 | 599,583 | 582 | 504 | 575 | 536 | 520 | 599,fresh,1741713783.1561494,1741713783.2617319,0.10558247566223145,queried
127.0.0.1:8000,00,31,query,Respect,,528 | 522 | 516,528 | 522 | 516,fresh,1741713783.161813,1741713783.1987085,0.0368955135345459,queried
127.0.0.1:8007,05,10,query,What's Going On,,510 | 590 | 531,510 | 590 | 531 | 521,stale,1741713783.171283,1741713783.216863,0.04557991027832031,queried
127.0.0.1:8006,02,23,query,What's Going On,,510 | 590 | 531,510 | 590 | 531 | 521,stale,1741713783.1827393,1741713783.2459671,0.06322789192199707,queried
127.0.0.1:8002,06,14,query,Hey Jude,,542 | 524 | 513 | 523 | 596 | 525,542 | 524 | 513 | 523 | 596 | 525,fresh,1741713783.1967995,1741713783.2639606,0.06716108322143555,queried
127.0.0.1:8000,00,32,query,Like a Rolling Stone,,583 | 582 | 504 | 575 | 536 | 520 | 599,583 | 582 | 504 | 575 | 536 | 520 | 599,fresh,1741713783.1987777,1741713783.2059186,0.0071408748626708984,queried
127.0.0.1:8000,00,33,query,Hey Jude,,542 | 524 | 513 | 523 | 596 | 525,542 | 524 | 513 | 523 | 596 | 525,fresh,1741713783.2059548,1741713783.2117357,0.005780935287475586,queried
127.0.0.1:8000,00,34,insert,Respect,566,,,,1741713783.211786,1741713783.2421625,0.030376434326171875,sent
127.0.0.1:8007,05,11,query,Respect,,528 | 522 | 516 | 566,528 | 522 | 516 | 566,fresh,1741713783.2169077,1741713783.3263628,0.10945510864257812,queried
127.0.0.1:8005,04,9,query,Hey Jude,,542 | 524 | 513 | 523 | 596 | 525,542 | 524 | 513 | 523 | 596 | 525,fresh,1741713783.224343,1741713783.316017,0.0916738510131836,queried
127.0.0.1:8001,01,15,query,Hey Jude,,542 | 524 | 513 | 523 | 596 | 525,542 | 524 | 513 | 523 | 596 | 525,fresh,1741713783.2320986,1741713783.25006,0.017961502075195312,queried
127.0.0.1:8000,00,35,query,Respect,,528 | 522 | 516 | 566,528 | 522 | 516 | 566,fresh,1741713783.2421732,1741713783.2744362,0.03226304054260254,queried
127.0.0.1:8006,02,24,query,Hey Jude,,542 | 524 | 513 | 523 | 596 | 525,542 | 524 | 513 | 523 | 596 | 525,fresh,1741713783.2460096,1741713783.252745,0.006735324859619141,queried
127.0.0.1:8001,01,16,query,Respect,,528 | 522 | 516 | 566,528 | 522 | 516 | 566,fresh,1741713783.2501032,1741713783.259377,0.009273767471313477,queried
127.0.0.1:8006,02,25,query,Respect,,528 | 522 | 516 | 566,528 | 522 | 516 | 566,fresh,1741713783.2528825,1741713783.262362,0.009479522705078125,queried
127.0.0.1:8001,01,17,query,Hey Jude,,542 | 524 | 513 | 523 | 596 | 525,542 | 524 | 513 | 523 | 596 | 525,fresh,1741713783.259421,1741713783.2716813,0.012260198593139648,queried
127.0.0.1:8004,03,9,query,Like a Rolling Stone,,583 | 582 | 504 | 575 | 536 | 520 | 599,583 | 582 | 504 | 575 | 536 | 520 | 599,fresh,1741713783.2617874,1741713783.3499372,0.0881497859954834,queried
127.0.0.1:8006,02,26,insert,Hey Jude,576,,,,1741713783.2624025,1741713783.3848348,0.12243223190307617,sent
127.0.0.1:8002,06,15,insert,Respect,503,,,,1741713783.2639995,1741713783.3406932,0.07669377326965332,sent
127.0.0.1:8001,01,18,query,What's Going On,,510 | 590 | 531 | 521,510 | 590 | 531 | 521,fresh,1741713783.2717192,1741713783.3566535,0.08493423461914062,queried
127.0.0.1:8000,00,36,query,Like a Rolling Stone,,583 | 582 | 504 | 575 | 536 | 520 | 599,583 | 582 | 504 | 575 | 536 | 520 | 599,fresh,1741713783.2744982,1741713783.286774,0.01227569580078125,queried
127.0.0.1:8000,00,37,insert,Hey Jude,506,,,,1741713783.286821,1741713783.344835,0.0580141544342041,sent
127.0.0.1:8005,04,10,query,Respect,,528 | 522 | 516 | 566 | 503,528 | 522 | 516 | 566 | 503,fresh,1741713783.3160558,1741713783.410023,0.09396719932556152,queried
127.0.0.1:8003,07,14,query,What's Going On,,510 | 590 | 531 | 521,510 | 590 | 531 | 521,fresh,1741713783.3190048,1741713783.3301547,0.011149883270263672,queried
127.0.0.1:8007,05,12,query,Hey Jude,,542 | 524 | 513 | 523 | 596 | 525 | 506 | 576,542 | 524 | 513 | 523 | 596 | 525 | 506 | 576,fresh,1741713783.326408,1741713783.407378,0.08097004890441895,queried
127.0.0.1:8003,07,15,query,Hey Jude,,542 | 524 | 513 | 523 | 596 | 525 | 506 | 576,542 | 524 | 513 | 523 | 596 | 525 | 506 | 576,fresh,1741713783.3301945,1741713783.3786967,0.048502206802368164,queried
127.0.0.1:8002,06,16,query,What's Going On,,510 | 590 | 531 | 521,510 | 590 | 531 | 521,fresh,1741713783.3407066,1741713783.3534665,0.012759923934936523,queried
127.0.0.1:8000,00,38,query,Respect,,528 | 522 | 516 | 566 | 503,528 | 522 | 516 | 566 | 503,fresh,1741713783.3448465,1741713783.3930333,0.0481867790222168,queried
127.0.0.1:8004,03,10,query,Like a Rolling Stone,,583 | 582 | 504 | 575 | 536 | 520 | 599,583 | 582 | 504 | 575 | 536 | 520 | 599,fresh,1741713783.3499765,1741713783.4411433,0.09116673469543457,queried
127.0.0.1:8002,06,17,query,Like a Rolling Stone,,583 | 582 | 504 | 575 | 536 | 520 | 599,583 | 582 | 504 | 575 | 536 | 520 | 599,fresh,1741713783.353629,1741713783.4057307,0.05210161209106445,queried
127.0.0.1:8001,01,19,insert,Like a Rolling Stone,514,,,,1741713783.3566916,1741713783.4680018,0.11131024360656738,sent
127.0.0.1:8003,07,16,query,Hey Jude,,542 | 524 | 513 | 523 | 596 | 525 | 506 | 576,542 | 524 | 513 | 523 | 596 | 525 | 506 | 576,fresh,1741713783.3787365,1741713783.4193842,0.04064774513244629,queried
127.0.0.1:8006,02,27,query,Hey Jude,,542 | 524 | 513 | 523 | 596 | 525 | 506 | 576,542 | 524 | 513 | 523 | 596 | 525 | 506 | 576,fresh,1741713783.3848464,1741713783.3953779,0.010531425476074219,queried
127.0.0.1:8000,00,39,insert,What's Going On,529,,,,1741713783.3930783,1741713783.5110948,0.11801648139953613,sent
127.0.0.1:8006,02,28,query,Like a Rolling Stone,,583 | 582 | 504 | 575 | 536 | 520 | 599,583 | 582 | 504 | 575 | 536 | 520 | 599 | 514,stale,1741713783.3954177,1741713783.401695,0.006277322769165039,queried
127.0.0.1:8006,02,29,query,Hey Jude,,542 | 524 | 513 | 523 | 596 | 525 | 506 | 576,542 | 524 | 513 | 523 | 596 | 525 | 506 | 576,fresh,1741713783.4017308,1741713783.414103,0.012372255325317383,queried
127.0.0.1:8002,06,18,query,What's Going On,,510 | 590 | 531 | 521,510 | 590 | 531 | 521 | 529,stale,1741713783.4058013,1741713783.4230027,0.01720142364501953,queried
127.0.0.1:8007,05,13,query,Respect,,528 | 522 | 516 | 566 | 503,528 | 522 | 516 | 566 | 503,fresh,1741713783.4074376,1741713783.5008535,0.09341597557067871,queried
127.0.0.1:8005,04,11,query,What's Going On,,510 | 590 | 531 | 521,510 | 590 | 531 | 521 | 529,stale,1741713783.4100597,1741713783.4729178,0.06285810470581055,queried
127.0.0.1:8006,02,30,query,What's Going On,,510 | 590 | 531 | 521 | 529,510 | 590 | 531 | 521 | 529,fresh,1741713783.4141414,1741713783.5165749,0.10243344306945801,queried
127.0.0.1:8003,07,17,query,Hey Jude,,542 | 524 | 513 | 523 | 596 | 525 | 506 | 576,542 | 524 | 513 | 523 | 596 | 525 | 506 | 576,fresh,1741713783.4194286,1741713783.4509559,0.03152728080749512,queried
127.0.0.1:8002,06,19,query,Respect,,528 | 522 | 516 | 566 | 503,528 | 522 | 516 | 566 | 503,fresh,1741713783.4230475,1741713783.4923518,0.06930422782897949,queried
127.0.0.1:8004,03,11,insert,Like a Rolling Stone,585,,,,1741713783.4411833,1741713783.5365026,0.09531927108764648,sent
127.0.0.1:8003,07,18,insert,What's Going On,517,,,,1741713783.451,1741713783.588726,0.1377260684967041,sent
127.0.0.1:8001,01,20,query,Hey Jude,,542 | 524 | 513 | 523 | 596 | 525 | 506 | 576,542 | 524 | 513 | 523 | 596 | 525 | 506 | 576,fresh,1741713783.4680135,1741713783.4817853,0.013771772384643555,queried
127.0.0.1:8005,04,12,query,Like a Rolling Stone,,583 | 582 | 504 | 575 | 536 | 520 | 599 | 514 | 585,583 | 582 | 504 | 575 | 536 | 520 | 599 | 514 | 585,fresh,1741713783.4729576,1741713783.5602286,0.08727097511291504,queried
127.0.0.1:8001,01,21,query,Respect,,528 | 522 | 516 | 566 | 503,528 | 522 | 516 | 566 | 503,fresh,1741713783.4818282,1741713783.488941,0.007112741470336914,queried
127.0.0.1:8001,01,22,query,Respect,,528 | 522 | 516 | 566 | 503,528 | 522 | 516 | 566 | 503,fresh,1741713783.4889843,1741713783.5033534,0.014369010925292969,queried
127.0.0.1:8002,06,20,query,What's Going On,,510 | 590 | 531 | 521 | 529,510 | 590 | 531 | 521 | 529 | 517,stale,1741713783.4924002,1741713783.5084424,0.016042232513427734,queried
127.0.0.1:8007,05,14,insert,Hey Jude,572,,,,1741713783.5008986,1741713783.6048481,0.10394954681396484,sent
127.0.0.1:8001,01,23,insert,Like a Rolling Stone,578,,,,1741713783.5033884,1741713783.623966,0.12057757377624512,sent
127.0.0.1:8002,06,21,insert,Hey Jude,597,,,,1741713783.5084846,1741713783.5654724,0.056987762451171875,sent
127.0.0.1:8000,00,40,query,Hey Jude,,542 | 524 | 513 | 523 | 596 | 525 | 506 | 576,542 | 524 | 513 | 523 | 596 | 525 | 506 | 576 | 597 | 572,stale,1741713783.5111175,1741713783.520135,0.009017467498779297,queried
127.0.0.1:8006,02,31,insert,Hey Jude,552,,,,1741713783.5166192,1741713783.634185,0.11756587028503418,sent
127.0.0.1:8000,00,41,query,Respect,,528 | 522 | 516 | 566 | 503,528 | 522 | 516 | 566 | 503,fresh,1741713783.5201778,1741713783.5466914,0.02651357650756836,queried
127.0.0.1:8004,03,12,query,What's Going On,,510 | 590 | 531 | 521 | 529 | 517,510 | 590 | 531 | 521 | 529 | 517,fresh,1741713783.536513,1741713783.5958154,0.059302330017089844,queried
127.0.0.1:8000,00,42,query,What's Going On,,510 | 590 | 531 | 521 | 529 | 517,510 | 590 | 531 | 521 | 529 | 517,fresh,1741713783.546733,1741713783.5703995,0.0236666202545166,queried
127.0.0.1:8005,04,13,query,Hey Jude,,542 | 524 | 513 | 523 | 596 | 525 | 506 | 576 | 597 | 572 | 552,542 | 524 | 513 | 523 | 596 | 525 | 506 | 576 | 597 | 572 | 552,fresh,1741713783.5602825,1741713783.6641192,0.1038367748260498,queried
127.0.0.1:8002,06,22,query,Like a Rolling Stone,,583 | 582 | 504 | 575 | 536 | 520 | 599 | 514 | 585 | 578,583 | 582 | 504 | 575 | 536 | 520 | 599 | 514 | 585 | 578,fresh,1741713783.5654836,1741713783.6501832,0.08469963073730469,queried
127.0.0.1:8000,00,43,query,Like a Rolling Stone,,583 | 582 | 504 | 575 | 536 | 520 | 599 | 514 | 585 | 578,583 | 582 | 504 | 575 | 536 | 520 | 599 | 514 | 585 | 578,fresh,1741713783.5704336,1741713783.5984738,0.028040170669555664,queried
127.0.0.1:8003,07,19,query,What's Going On,,510 | 590 | 531 | 521 | 529 | 517,510 | 590 | 531 | 521 | 529 | 517,fresh,1741713783.5887382,1741713783.615785,0.027046680450439453,queried
127.0.0.1:8004,03,13,query,Respect,,528 | 522 | 516 | 566 | 503,528 | 522 | 516 | 566 | 503,fresh,1741713783.5958562,1741713783.6079,0.01204371452331543,queried
127.0.0.1:8000,00,44,query,Hey Jude,,542 | 524 | 513 | 523 | 596 | 525 | 506 | 576 | 597 | 572 | 552,542 | 524 | 513 | 523 | 596 | 525 | 506 | 576 | 597 | 572 | 552,fresh,1741713783.5985112,1741713783.6113882,0.01287698745727539,queried
127.0.0.1:8007,05,15,query,What's Going On,,510 | 590 | 531 | 521 | 529 | 517,510 | 590 | 531 | 521 | 529 | 517,fresh,1741713783.6048603,1741713783.641344,0.0364837646484375,queried
127.0.0.1:8004,03,14,query,Like a Rolling Stone,,583 | 582 | 504 | 575 | 536 | 520 | 599 | 514 | 585 | 578,583 | 582 | 504 | 575 | 536 | 520 | 599 | 514 | 585 | 578,fresh,1741713783.6079414,1741713783.6933408,0.08539938926696777,queried
127.0.0.1:8000,00,45,query,Hey Jude,,542 | 524 | 513 | 523 | 596 | 525 | 506 | 576 | 597 | 572 | 552,542 | 524 | 513 | 523 | 596 | 525 | 506 | 576 | 597 | 572 | 552,fresh,1741713783.611429,1741713783.638244,0.026814937591552734,queried
127.0.0.1:8003,07,20,query,Like a Rolling Stone,,583 | 582 | 504 | 575 | 536 | 520 | 599 | 514 | 585 | 578,583 | 582 | 504 | 575 | 536 | 520 | 599 | 514 | 585 | 578,fresh,1741713783.6158392,1741713783.6539612,0.038121938705444336,queried
127.0.0.1:8001,01,24,query,Respect,,528 | 522 | 516 | 566 | 503,528 | 522 | 516 | 566 | 503,fresh,1741713783.6239786,1741713783.6318297,0.007851123809814453,queried
127.0.0.1:8001,01,25,query,Like a Rolling Stone,,583 | 582 | 504 | 575 | 536 | 520 | 599 | 514 | 585 | 578,583 | 582 | 504 | 575 | 536 | 520 | 599 | 514 | 585 | 578,fresh,1741713783.631871,1741713783.644869,0.012998104095458984,queried
127.0.0.1:8006,02,32,query,Like a Rolling Stone,,583 | 582 | 504 | 575 | 536 | 520 | 599 | 514 | 585 | 578,583 | 582 | 504 | 575 | 536 | 520 | 599 | 514 | 585 | 578,fresh,1741713783.634196,1741713783.643939,0.009742975234985352,queried
127.0.0.1:8000,00,46,query,Hey Jude,,542 | 524 | 513 | 523 | 596 | 525 | 506 | 576 | 597 | 572 | 552,542 | 524 | 513 | 523 | 596 | 525 | 506 | 576 | 597 | 572 | 552,fresh,1741713783.6383002,1741713783.662161,0.023860931396484375,queried
127.0.0.1:8007,05,16,query,What's Going On,,510 | 590 | 531 | 521 | 529 | 517,510 | 590 | 531 | 521 | 529 | 517,fresh,1741713783.641382,1741713783.671844,0.030462026596069336,queried
127.0.0.1:8006,02,33,query,Respect,,528 | 522 | 516 | 566 | 503,528 | 522 | 516 | 566 | 503,fresh,1741713783.643979,1741713783.6579435,0.013964414596557617,queried
127.0.0.1:8001,01,26,query,What's Going On,,510 | 590 | 531 | 521 | 529 | 517,510 | 590 | 531 | 521 | 529 | 517,fresh,1741713783.6449091,1741713783.754714,0.10980486869812012,queried
127.0.0.1:8002,06,23,query,What's Going On,,510 | 590 | 531 | 521 | 529 | 517,510 | 590 | 531 | 521 | 529 | 517,fresh,1741713783.6502252,1741713783.6606195,0.01039433479309082,queried
127.0.0.1:8003,07,21,query,What's Going On,,510 | 590 | 531 | 521 | 529 | 517,510 | 590 | 531 | 521 | 529 | 517,fresh,1741713783.6540022,1741713783.6664238,0.012421607971191406,queried
127.0.0.1:8006,02,34,query,Hey Jude,,542 | 524 | 513 | 523 | 596 | 525 | 506 | 576 | 597 | 572 | 552,542 | 524 | 513 | 523 | 596 | 525 | 506 | 576 | 597 | 572 | 552,fresh,1741713783.657984,1741713783.6695113,0.011527299880981445,queried
127.0.0.1:8002,06,24,query,Hey Jude,,542 | 524 | 513 | 523 | 596 | 525 | 506 | 576 | 597 | 572 | 552 | 502 | 555,542 | 524 | 513 | 523 | 596 | 525 | 506 | 576 | 597 | 572 | 552,stale,1741713783.6606588,1741713783.7322762,0.07161736488342285,queried
127.0.0.1:8000,00,47,query,Like a Rolling Stone,,583 | 582 | 504 | 575 | 536 | 520 | 599 | 514 | 585 | 578,583 | 582 | 504 | 575 | 536 | 520 | 599 | 514 | 585 | 578,fresh,1741713783.6621985,1741713783.6745646,0.012366056442260742,queried
127.0.0.1:8005,04,14,query,Hey Jude,,542 | 524 | 513 | 523 | 596 | 525 | 506 | 576 | 597 | 572 | 552 | 502 | 555,542 | 524 | 513 | 523 | 596 | 525 | 506 | 576 | 597 | 572 | 552,stale,1741713783.6641593,1741713783.7984188,0.13425946235656738,queried
127.0.0.1:8003,07,22,insert,Hey Jude,555,,,,1741713783.6664615,1741713783.7220085,0.05554699897766113,sent
127.0.0.1:8006,02,35,query,Hey Jude,,542 | 524 | 513 | 523 | 596 | 525 | 506 | 576 | 597 | 572 | 552,542 | 524 | 513 | 523 | 596 | 525 | 506 | 576 | 597 | 572 | 552 | 555,stale,1741713783.66957,1741713783.6804628,0.010892868041992188,queried
127.0.0.1:8007,05,17,insert,Respect,589,,,,1741713783.6718812,1741713783.7649884,0.09310722351074219,sent
127.0.0.1:8000,00,48,insert,Hey Jude,502,,,,1741713783.6746066,1741713783.7205076,0.04590106010437012,sent
127.0.0.1:8006,02,36,query,Like a Rolling Stone,,583 | 582 | 504 | 575 | 536 | 520 | 599 | 514 | 585 | 578,583 | 582 | 504 | 575 | 536 | 520 | 599 | 514 | 585 | 578,fresh,1741713783.6805024,1741713783.6861155,0.005613088607788086,queried
127.0.0.1:8006,02,37,query,Like a Rolling Stone,,583 | 582 | 504 | 575 | 536 | 520 | 599 | 514 | 585 | 578,583 | 582 | 504 | 575 | 536 | 520 | 599 | 514 | 585 | 578,fresh,1741713783.6861563,1741713783.690838,0.004681825637817383,queried
127.0.0.1:8006,02,38,query,Respect,,528 | 522 | 516 | 566 | 503,528 | 522 | 516 | 566 | 503 | 589,stale,1741713783.6908805,1741713783.6963253,0.005444765090942383,queried
127.0.0.1:8004,03,15,insert,Respect,584,,,,1741713783.6933799,1741713783.8089724,0.11559247970581055,sent
127.0.0.1:8006,02,39,query,Respect,,528 | 522 | 516 | 566 | 503,528 | 522 | 516 | 566 | 503 | 589 | 584,stale,1741713783.6963644,1741713783.7054975,0.009133100509643555,queried
127.0.0.1:8006,02,40,query,Hey Jude,,542 | 524 | 513 | 523 | 596 | 525 | 506 | 576 | 597 | 572 | 552,542 | 524 | 513 | 523 | 596 | 525 | 506 | 576 | 597 | 572 | 552 | 502 | 555,stale,1741713783.7055352,1741713783.7136126,0.008077383041381836,queried
127.0.0.1:8006,02,41,query,What's Going On,,510 | 590 | 531 | 521 | 529 | 517,510 | 590 | 531 | 521 | 529 | 517,fresh,1741713783.7136605,1741713783.8049855,0.09132504463195801,queried
127.0.0.1:8000,00,49,query,What's Going On,,510 | 590 | 531 | 521 | 529 | 517,510 | 590 | 531 | 521 | 529 | 517,fresh,1741713783.7205186,1741713783.7286594,0.008140802383422852,queried
127.0.0.1:8003,07,23,query,Hey Jude,,542 | 524 | 513 | 523 | 596 | 525 | 506 | 576 | 597 | 572 | 552 | 502 | 555,542 | 524 | 513 | 523 | 596 | 525 | 506 | 576 | 597 | 572 | 552 | 502 | 555,fresh,1741713783.7220218,1741713783.77062,0.048598289489746094,queried
127.0.0.1:8002,06,25,insert,Respect,560,,,,1741713783.7323146,1741713783.8093266,0.0770120620727539,sent
127.0.0.1:8001,01,27,insert,What's Going On,569,,,,1741713783.754758,1741713783.8484812,0.09372329711914062,sent
127.0.0.1:8007,05,18,query,Respect,,528 | 522 | 516 | 566 | 503 | 589 | 584 | 560,528 | 522 | 516 | 566 | 503 | 589 | 584 | 560,fresh,1741713783.765015,1741713783.836795,0.07178020477294922,queried
127.0.0.1:8003,07,24,insert,Hey Jude,586,,,,1741713783.7706609,1741713783.7924352,0.0217742919921875,sent
127.0.0.1:8003,07,25,query,What's Going On,,510 | 590 | 531 | 521 | 529 | 517,510 | 590 | 531 | 521 | 529 | 517 | 569,stale,1741713783.7924485,1741713783.802482,0.010033369064331055,queried
127.0.0.1:8005,04,15,query,Hey Jude,,542 | 524 | 513 | 523 | 596 | 525 | 506 | 576 | 597 | 572 | 552 | 502 | 555 | 586,542 | 524 | 513 | 523 | 596 | 525 | 506 | 576 | 597 | 572 | 552 | 502 | 555 | 586,fresh,1741713783.7984617,1741713783.8931568,0.0946950912475586,queried
127.0.0.1:8003,07,26,insert,Respect,548,,,,1741713783.8025296,1741713783.857831,0.05530142784118652,sent
127.0.0.1:8006,02,42,query,Hey Jude,,542 | 524 | 513 | 523 | 596 | 525 | 506 | 576 | 597 | 572 | 552 | 502 | 555 | 586,542 | 524 | 513 | 523 | 596 | 525 | 506 | 576 | 597 | 572 | 552 | 502 | 555 | 586,fresh,1741713783.805025,1741713783.8174407,0.012415647506713867,queried
127.0.0.1:8004,03,16,query,Hey Jude,,542 | 524 | 513 | 523 | 596 | 525 | 506 | 576 | 597 | 572 | 552 | 502 | 555 | 586,542 | 524 | 513 | 523 | 596 | 525 | 506 | 576 | 597 | 572 | 552 | 502 | 555 | 586,fresh,1741713783.8089838,1741713783.8965416,0.08755779266357422,queried
127.0.0.1:8002,06,26,insert,Like a Rolling Stone,600,,,,1741713783.8093379,1741713783.8826978,0.07335996627807617,sent
127.0.0.1:8006,02,43,query,Like a Rolling Stone,,583 | 582 | 504 | 575 | 536 | 520 | 599 | 514 | 585 | 578,583 | 582 | 504 | 575 | 536 | 520 | 599 | 514 | 585 | 578 | 600,stale,1741713783.817491,1741713783.823742,0.006250858306884766,queried
127.0.0.1:8006,02,44,query,Hey Jude,,542 | 524 | 513 | 523 | 596 | 525 | 506 | 576 | 597 | 572 | 552 | 502 | 555 | 586,542 | 524 | 513 | 523 | 596 | 525 | 506 | 576 | 597 | 572 | 552 | 502 | 555 | 586,fresh,1741713783.823792,1741713783.830801,0.007009029388427734,queried
127.0.0.1:8006,02,45,query,Respect,,528 | 522 | 516 | 566 | 503 | 589 | 584 | 560 | 548,528 | 522 | 516 | 566 | 503 | 589 | 584 | 560 | 548,fresh,1741713783.8308604,1741713783.8453786,0.014518260955810547,queried
127.0.0.1:8007,05,19,query,Like a Rolling Stone,,583 | 582 | 504 | 575 | 536 | 520 | 599 | 514 | 585 | 578 | 600,583 | 582 | 504 | 575 | 536 | 520 | 599 | 514 | 585 | 578 | 600,fresh,1741713783.8368392,1741713783.912803,0.07596373558044434,queried
127.0.0.1:8006,02,46,query,Respect,,528 | 522 | 516 | 566 | 503 | 589 | 584 | 560 | 548,528 | 522 | 516 | 566 | 503 | 589 | 584 | 560 | 548,fresh,1741713783.8454158,1741713783.8546941,0.009278297424316406,queried
127.0.0.1:8001,01,28,query,Respect,,528 | 522 | 516 | 566 | 503 | 589 | 584 | 560 | 548,528 | 522 | 516 | 566 | 503 | 589 | 584 | 560 | 548,fresh,1741713783.848493,1741713783.860045,0.011551856994628906,queried
127.0.0.1:8006,02,47,query,Hey Jude,,542 | 524 | 513 | 523 | 596 | 525 | 506 | 576 | 597 | 572 | 552 | 502 | 555 | 586,542 | 524 | 513 | 523 | 596 | 525 | 506 | 576 | 597 | 572 | 552 | 502 | 555 | 586,fresh,1741713783.8547382,1741713783.8654716,0.010733366012573242,queried
127.0.0.1:8003,07,27,insert,Like a Rolling Stone,509,,,,1741713783.8578439,1741713783.9025073,0.044663429260253906,sent
127.0.0.1:8001,01,29,query,Hey Jude,,542 | 524 | 513 | 523 | 596 | 525 | 506 | 576 | 597 | 572 | 552 | 502 | 555 | 586,542 | 524 | 513 | 523 | 596 | 525 | 506 | 576 | 597 | 572 | 552 | 502 | 555 | 586,fresh,1741713783.860083,1741713783.8700867,0.01000356674194336,queried
127.0.0.1:8006,02,48,query,What's Going On,,510 | 590 | 531 | 521 | 529 | 517 | 569,510 | 590 | 531 | 521 | 529 | 517 | 569,fresh,1741713783.8655157,1741713783.927701,0.06218528747558594,queried
127.0.0.1:8001,01,30,query,Respect,,528 | 522 | 516 | 566 | 503 | 589 | 584 | 560 | 548,528 | 522 | 516 | 566 | 503 | 589 | 584 | 560 | 548,fresh,1741713783.870123,1741713783.874443,0.0043201446533203125,queried
127.0.0.1:8001,01,31,insert,Hey Jude,549,,,,1741713783.8745036,1741713784.0018783,0.12737464904785156,sent
127.0.0.1:8002,06,27,insert,Hey Jude,534,,,,1741713783.8827105,1741713783.9325855,0.04987502098083496,sent
127.0.0.1:8005,04,16,insert,Hey Jude,526,,,,1741713783.8932164,1741713783.957607,0.06439065933227539,sent
127.0.0.1:8004,03,17,insert,Respect,512,,,,1741713783.896855,1741713783.9991539,0.10229873657226562,sent
127.0.0.1:8003,07,28,query,Hey Jude,,542 | 524 | 513 | 523 | 596 | 525 | 506 | 576 | 597 | 572 | 552 | 502 | 555 | 586 | 534,542 | 524 | 513 | 523 | 596 | 525 | 506 | 576 | 597 | 572 | 552 | 502 | 555 | 586 | 534 | 526 | 549,stale,1741713783.9025173,1741713783.9466658,0.04414844512939453,queried
127.0.0.1:8007,05,20,query,Hey Jude,,542 | 524 | 513 | 523 | 596 | 525 | 506 | 576 | 597 | 572 | 552 | 502 | 555 | 586 | 534 | 526 | 549,542 | 524 | 513 | 523 | 596 | 525 | 506 | 576 | 597 | 572 | 552 | 502 | 555 | 586 | 534 | 526 | 549,fresh,1741713783.912845,1741713783.9765105,0.06366562843322754,queried
127.0.0.1:8006,02,49,query,Hey Jude,,542 | 524 | 513 | 523 | 596 | 525 | 506 | 576 | 597 | 572 | 552 | 502 | 555 | 586 | 534,542 | 524 | 513 | 523 | 596 | 525 | 506 | 576 | 597 | 572 | 552 | 502 | 555 | 586 | 534 | 526 | 549,stale,1741713783.9277432,1741713783.9341931,0.00644993782043457,queried
127.0.0.1:8002,06,28,query,Hey Jude,,542 | 524 | 513 | 523 | 596 | 525 | 506 | 576 | 597 | 572 | 552 | 502 | 555 | 586 | 534 | 526 | 549,542 | 524 | 513 | 523 | 596 | 525 | 506 | 576 | 597 | 572 | 552 | 502 | 555 | 586 | 534 | 526 | 549,fresh,1741713783.9325964,1741713783.996501,0.0639045238494873,queried
127.0.0.1:8003,07,29,query,Hey Jude,,542 | 524 | 513 | 523 | 596 | 525 | 506 | 576 | 597 | 572 | 552 | 502 | 555 | 586 | 534 | 526 | 549,542 | 524 | 513 | 523 | 596 | 525 | 506 | 576 | 597 | 572 | 552 | 502 | 555 | 586 | 534 | 526 | 549,fresh,1741713783.9467134,1741713783.9863856,0.039672136306762695,queried
127.0.0.1:8005,04,17,query,Hey Jude,,542 | 524 | 513 | 523 | 596 | 525 | 506 | 576 | 597 | 572 | 552 | 502 | 555 | 586 | 534 | 526 | 549,542 | 524 | 513 | 523 | 596 | 525 | 506 | 576 | 597 | 572 | 552 | 502 | 555 | 586 | 534 | 526 | 549,fresh,1741713783.9576178,1741713784.0075853,0.04996752738952637,queried
127.0.0.1:8007,05,21,query,Hey Jude,,542 | 524 | 513 | 523 | 596 | 525 | 506 | 576 | 597 | 572 | 552 | 502 | 555 | 586 | 534 | 526 | 549,542 | 524 | 513 | 523 | 596 | 525 | 506 | 576 | 597 | 572 | 552 | 502 | 555 | 586 | 534 | 526 | 549,fresh,1741713783.9765759,1741713784.0452487,0.06867289543151855,queried
127.0.0.1:8003,07,30,query,Hey Jude,,542 | 524 | 513 | 523 | 596 | 525 | 506 | 576 | 597 | 572 | 552 | 502 | 555 | 586 | 534 | 526 | 549,542 | 524 | 513 | 523 | 596 | 525 | 506 | 576 | 597 | 572 | 552 | 502 | 555 | 586 | 534 | 526 | 549,fresh,1741713783.9864247,1741713784.0312054,0.044780731201171875,queried
127.0.0.1:8002,06,29,insert,Hey Jude,530,,,,1741713783.996543,1741713784.053951,0.05740809440612793,sent
127.0.0.1:8004,03,18,query,Like a Rolling Stone,,583 | 582 | 504 | 575 | 536 | 520 | 599 | 514 | 585 | 578 | 600 | 509,583 | 582 | 504 | 575 | 536 | 520 | 599 | 514 | 585 | 578 | 600 | 509,fresh,1741713783.9991803,1741713784.0791755,0.07999515533447266,queried
127.0.0.1:8001,01,32,insert,Respect,559,,,,1741713784.0018935,1741713784.0172923,0.015398740768432617,sent
127.0.0.1:8005,04,18,insert,What's Going On,515,,,,1741713784.007626,1741713784.0572495,0.04962348937988281,sent
127.0.0.1:8001,01,33,query,What's Going On,,510 | 590 | 531 | 521 | 529 | 517 | 569 | 515,510 | 590 | 531 | 521 | 529 | 517 | 569 | 515,fresh,1741713784.0173025,1741713784.0845802,0.06727766990661621,queried
127.0.0.1:8003,07,31,query,Like a Rolling Stone,,583 | 582 | 504 | 575 | 536 | 520 | 599 | 514 | 585 | 578 | 600 | 509,583 | 582 | 504 | 575 | 536 | 520 | 599 | 514 | 585 | 578 | 600 | 509,fresh,1741713784.03136,1741713784.0643344,0.0329744815826416,queried
127.0.0.1:8007,05,22,insert,Respect,587,,,,1741713784.0452867,1741713784.118749,0.07346224784851074,sent
127.0.0.1:8002,06,30,query,Respect,,528 | 522 | 516 | 566 | 503 | 589 | 584 | 560 | 548 | 512 | 559 | 587,528 | 522 | 516 | 566 | 503 | 589 | 584 | 560 | 548 | 512 | 559 | 587,fresh,1741713784.0539682,1741713784.1216433,0.06767511367797852,queried
127.0.0.1:8005,04,19,query,Hey Jude,,542 | 524 | 513 | 523 | 596 | 525 | 506 | 576 | 597 | 572 | 552 | 502 | 555 | 586 | 534 | 526 | 549 | 530,542 | 524 | 513 | 523 | 596 | 525 | 506 | 576 | 597 | 572 | 552 | 502 | 555 | 586 | 534 | 526 | 549 | 530,fresh,1741713784.0572593,1741713784.1121671,0.054907798767089844,queried
127.0.0.1:8003,07,32,query,Hey Jude,,542 | 524 | 513 | 523 | 596 | 525 | 506 | 576 | 597 | 572 | 552 | 502 | 555 | 586 | 534 | 526 | 549 | 530,542 | 524 | 513 | 523 | 596 | 525 | 506 | 576 | 597 | 572 | 552 | 502 | 555 | 586 | 534 | 526 | 549 | 530,fresh,1741713784.0643778,1741713784.0994194,0.03504157066345215,queried
127.0.0.1:8004,03,19,query,Hey Jude,,542 | 524 | 513 | 523 | 596 | 525 | 506 | 576 | 597 | 572 | 552 | 502 | 555 | 586 | 534 | 526 | 549 | 530,542 | 524 | 513 | 523 | 596 | 525 | 506 | 576 | 597 | 572 | 552 | 502 | 555 | 586 | 534 | 526 | 549 | 530,fresh,1741713784.07923,1741713784.1475384,0.06830835342407227,queried
127.0.0.1:8001,01,34,query,Hey Jude,,542 | 524 | 513 | 523 | 596 | 525 | 506 | 576 | 597 | 572 | 552 | 502 | 555 | 586 | 534 | 526 | 549 | 530,542 | 524 | 513 | 523 | 596 | 525 | 506 | 576 | 597 | 572 | 552 | 502 | 555 | 586 | 534 | 526 | 549 | 530,fresh,1741713784.0852034,1741713784.0961912,0.01098775863647461,queried
127.0.0.1:8001,01,35,query,Hey Jude,,542 | 524 | 513 | 523 | 596 | 525 | 506 | 576 | 597 | 572 | 552 | 502 | 555 | 586 | 534 | 526 | 549 | 530,542 | 524 | 513 | 523 | 596 | 525 | 506 | 576 | 597 | 572 | 552 | 502 | 555 | 586 | 534 | 526 | 549 | 530,fresh,1741713784.0962355,1741713784.1081536,0.011918067932128906,queried
127.0.0.1:8003,07,33,query,Hey Jude,,542 | 524 | 513 | 523 | 596 | 525 | 506 | 576 | 597 | 572 | 552 | 502 | 555 | 586 | 534 | 526 | 549 | 530,542 | 524 | 513 | 523 | 596 | 525 | 506 | 576 | 597 | 572 | 552 | 502 | 555 | 586 | 534 | 526 | 549 | 530,fresh,1741713784.0994663,1741713784.136723,0.037256717681884766,queried
127.0.0.1:8001,01,36,query,What's Going On,,510 | 590 | 531 | 521 | 529 | 517 | 569 | 515,510 | 590 | 531 | 521 | 529 | 517 | 569 | 515,fresh,1741713784.1089187,1741713784.1666799,0.057761192321777344,queried
127.0.0.1:8005,04,20,query,Respect,,528 | 522 | 516 | 566 | 503 | 589 | 584 | 560 | 548 | 512 | 559 | 587,528 | 522 | 516 | 566 | 503 | 589 | 584 | 560 | 548 | 512 | 559 | 587,fresh,1741713784.1122015,1741713784.1916099,0.07940840721130371,queried
127.0.0.1:8007,05,23,query,Like a Rolling Stone,,583 | 582 | 504 | 575 | 536 | 520 | 599 | 514 | 585 | 578 | 600 | 509,583 | 582 | 504 | 575 | 536 | 520 | 599 | 514 | 585 | 578 | 600 | 509,fresh,1741713784.1187587,1741713784.1772494,0.058490753173828125,queried
127.0.0.1:8002,06,31,query,Like a Rolling Stone,,583 | 582 | 504 | 575 | 536 | 520 | 599 | 514 | 585 | 578 | 600 | 509,583 | 582 | 504 | 575 | 536 | 520 | 599 | 514 | 585 | 578 | 600 | 509,fresh,1741713784.1216824,1741713784.1611319,0.039449453353881836,queried
127.0.0.1:8003,07,34,query,Hey Jude,,542 | 524 | 513 | 523 | 596 | 525 | 506 | 576 | 597 | 572 | 552 | 502 | 555 | 586 | 534 | 526 | 549 | 530,542 | 524 | 513 | 523 | 596 | 525 | 506 | 576 | 597 | 572 | 552 | 502 | 555 | 586 | 534 | 526 | 549 | 530,fresh,1741713784.1367745,1741713784.1702876,0.03351306915283203,queried
127.0.0.1:8004,03,20,query,Hey Jude,,542 | 524 | 513 | 523 | 596 | 525 | 506 | 576 | 597 | 572 | 552 | 502 | 555 | 586 | 534 | 526 | 549 | 530,542 | 524 | 513 | 523 | 596 | 525 | 506 | 576 | 597 | 572 | 552 | 502 | 555 | 586 | 534 | 526 | 549 | 530,fresh,1741713784.1475792,1741713784.2125885,0.06500935554504395,queried
127.0.0.1:8002,06,32,insert,Hey Jude,507,,,,1741713784.1611762,1741713784.2164395,0.05526328086853027,sent
127.0.0.1:8001,01,37,insert,Like a Rolling Stone,593,,,,1741713784.166716,1741713784.254681,0.08796501159667969,sent
127.0.0.1:8003,07,35,query,Hey Jude,,542 | 524 | 513 | 523 | 596 | 525 | 506 | 576 | 597 | 572 | 552 | 502 | 555 | 586 | 534 | 526 | 549 | 530,542 | 524 | 513 | 523 | 596 | 525 | 506 | 576 | 597 | 572 | 552 | 502 | 555 | 586 | 534 | 526 | 549 | 530 | 507,stale,1741713784.1703284,1741713784.213792,0.043463706970214844,queried
127.0.0.1:8007,05,24,query,Hey Jude,,542 | 524 | 513 | 523 | 596 | 525 | 506 | 576 | 597 | 572 | 552 | 502 | 555 | 586 | 534 | 526 | 549 | 530 | 507,542 | 524 | 513 | 523 | 596 | 525 | 506 | 576 | 597 | 572 | 552 | 502 | 555 | 586 | 534 | 526 | 549 | 530 | 507,fresh,1741713784.17729,1741713784.2250695,0.04777956008911133,queried
127.0.0.1:8005,04,21,query,Like a Rolling Stone,,583 | 582 | 504 | 575 | 536 | 520 | 599 | 514 | 585 | 578 | 600 | 509 | 593,583 | 582 | 504 | 575 | 536 | 520 | 599 | 514 | 585 | 578 | 600 | 509 | 593,fresh,1741713784.191645,1741713784.2524803,0.06083536148071289,queried
127.0.0.1:8004,03,21,query,Respect,,528 | 522 | 516 | 566 | 503 | 589 | 584 | 560 | 548 | 512 | 559 | 587,528 | 522 | 516 | 566 | 503 | 589 | 584 | 560 | 548 | 512 | 559 | 587,fresh,1741713784.2126303,1741713784.227515,0.014884710311889648,queried
127.0.0.1:8003,07,36,query,Hey Jude,,542 | 524 | 513 | 523 | 596 | 525 | 506 | 576 | 597 | 572 | 552 | 502 | 555 | 586 | 534 | 526 | 549 | 530 | 507,542 | 524 | 513 | 523 | 596 | 525 | 506 | 576 | 597 | 572 | 552 | 502 | 555 | 586 | 534 | 526 | 549 | 530 | 507,fresh,1741713784.2138357,1741713784.2605097,0.04667401313781738,queried
127.0.0.1:8002,06,33,query,Like a Rolling Stone,,583 | 582 | 504 | 575 | 536 | 520 | 599 | 514 | 585 | 578 | 600 | 509 | 593,583 | 582 | 504 | 575 | 536 | 520 | 599 | 514 | 585 | 578 | 600 | 509 | 593,fresh,1741713784.216449,1741713784.263159,0.04671001434326172,queried
127.0.0.1:8007,05,25,insert,Hey Jude,568,,,,1741713784.2251132,1741713784.2830021,0.05788898468017578,sent
127.0.0.1:8004,03,22,query,Like a Rolling Stone,,583 | 582 | 504 | 575 | 536 | 520 | 599 | 514 | 585 | 578 | 600 | 509 | 593,583 | 582 | 504 | 575 | 536 | 520 | 599 | 514 | 585 | 578 | 600 | 509 | 593,fresh,1741713784.2275586,1741713784.2926548,0.06509613990783691,queried
127.0.0.1:8005,04,22,insert,Hey Jude,540,,,,1741713784.2525196,1741713784.3157423,0.06322264671325684,sent
127.0.0.1:8001,01,38,query,What's Going On,,510 | 590 | 531 | 521 | 529 | 517 | 569 | 515,510 | 590 | 531 | 521 | 529 | 517 | 569 | 515,fresh,1741713784.2546918,1741713784.3257093,0.07101750373840332,queried
127.0.0.1:8003,07,37,query,Respect,,528 | 522 | 516 | 566 | 503 | 589 | 584 | 560 | 548 | 512 | 559 | 587,528 | 522 | 516 | 566 | 503 | 589 | 584 | 560 | 548 | 512 | 559 | 587,fresh,1741713784.2605505,1741713784.308539,0.0479884147644043,queried
127.0.0.1:8002,06,34,query,What's Going On,,510 | 590 | 531 | 521 | 529 | 517 | 569 | 515,510 | 590 | 531 | 521 | 529 | 517 | 569 | 515,fresh,1741713784.2631984,1741713784.272022,0.008823633193969727,queried
127.0.0.1:8002,06,35,query,Like a Rolling Stone,,583 | 582 | 504 | 575 | 536 | 520 | 599 | 514 | 585 | 578 | 600 | 509 | 593,583 | 582 | 504 | 575 | 536 | 520 | 599 | 514 | 585 | 578 | 600 | 509 | 593,fresh,1741713784.2720678,1741713784.3197615,0.047693729400634766,queried
127.0.0.1:8007,05,26,query,Hey Jude,,542 | 524 | 513 | 523 | 596 | 525 | 506 | 576 | 597 | 572 | 552 | 502 | 555 | 586 | 534 | 526 | 549 | 530 | 507 | 568 | 540,542 | 524 | 513 | 523 | 596 | 525 | 506 | 576 | 597 | 572 | 552 | 502 | 555 | 586 | 534 | 526 | 549 | 530 | 507 | 568 | 540,fresh,1741713784.283013,1741713784.330369,0.04735589027404785,queried
127.0.0.1:8004,03,23,query,Hey Jude,,542 | 524 | 513 | 523 | 596 | 525 | 506 | 576 | 597 | 572 | 552 | 502 | 555 | 586 | 534 | 526 | 549 | 530 | 507 | 568 | 540,542 | 524 | 513 | 523 | 596 | 525 | 506 | 576 | 597 | 572 | 552 | 502 | 555 | 586 | 534 | 526 | 549 | 530 | 507 | 568 | 540,fresh,1741713784.2926927,1741713784.3671148,0.07442212104797363,queried
127.0.0.1:8003,07,38,insert,What's Going On,563,,,,1741713784.308579,1741713784.4034142,0.09483528137207031,sent
127.0.0.1:8005,04,23,query,Hey Jude,,542 | 524 | 513 | 523 | 596 | 525 | 506 | 576 | 597 | 572 | 552 | 502 | 555 | 586 | 534 | 526 | 549 | 530 | 507 | 568 | 540,542 | 524 | 513 | 523 | 596 | 525 | 506 | 576 | 597 | 572 | 552 | 502 | 555 | 586 | 534 | 526 | 549 | 530 | 507 | 568 | 540,fresh,1741713784.3157544,1741713784.3735764,0.05782198905944824,queried
127.0.0.1:8002,06,36,query,Respect,,528 | 522 | 516 | 566 | 503 | 589 | 584 | 560 | 548 | 512 | 559 | 587,528 | 522 | 516 | 566 | 503 | 589 | 584 | 560 | 548 | 512 | 559 | 587,fresh,1741713784.3198128,1741713784.3828278,0.06301498413085938,queried
127.0.0.1:8001,01,39,query,Hey Jude,,542 | 524 | 513 | 523 | 596 | 525 | 506 | 576 | 597 | 572 | 552 | 502 | 555 | 586 | 534 | 526 | 549 | 530 | 507 | 568 | 540,542 | 524 | 513 | 523 | 596 | 525 | 506 | 576 | 597 | 572 | 552 | 502 | 555 | 586 | 534 | 526 | 549 | 530 | 507 | 568 | 540,fresh,1741713784.3257744,1741713784.3331752,0.0074007511138916016,queried
127.0.0.1:8007,05,27,insert,What's Going On,533,,,,1741713784.330408,1741713784.378453,0.04804491996765137,sent
127.0.0.1:8001,01,40,query,What's Going On,,510 | 590 | 531 | 521 | 529 | 517 | 569 | 515 | 533 | 563,510 | 590 | 531 | 521 | 529 | 517 | 569 | 515 | 533 | 563,fresh,1741713784.3332152,1741713784.4012418,0.06802654266357422,queried
127.0.0.1:8004,03,24,query,Like a Rolling Stone,,583 | 582 | 504 | 575 | 536 | 520 | 599 | 514 | 585 | 578 | 600 | 509 | 593,583 | 582 | 504 | 575 | 536 | 520 | 599 | 514 | 585 | 578 | 600 | 509 | 593,fresh,1741713784.367156,1741713784.4534948,0.08633875846862793,queried
127.0.0.1:8005,04,24,query,Like a Rolling Stone,,583 | 582 | 504 | 575 | 536 | 520 | 599 | 514 | 585 | 578 | 600 | 509 | 593,583 | 582 | 504 | 575 | 536 | 520 | 599 | 514 | 585 | 578 | 600 | 509 | 593,fresh,1741713784.373614,1741713784.4362848,0.06267070770263672,queried
127.0.0.1:8007,05,28,query,Hey Jude,,542 | 524 | 513 | 523 | 596 | 525 | 506 | 576 | 597 | 572 | 552 | 502 | 555 | 586 | 534 | 526 | 549 | 530 | 507 | 568 | 540,542 | 524 | 513 | 523 | 596 | 525 | 506 | 576 | 597 | 572 | 552 | 502 | 555 | 586 | 534 | 526 | 549 | 530 | 507 | 568 | 540,fresh,1741713784.378463,1741713784.4331782,0.05471515655517578,queried
127.0.0.1:8002,06,37,query,Hey Jude,,542 | 524 | 513 | 523 | 596 | 525 | 506 | 576 | 597 | 572 | 552 | 502 | 555 | 586 | 534 | 526 | 549 | 530 | 507 | 568 | 540,542 | 524 | 513 | 523 | 596 | 525 | 506 | 576 | 597 | 572 | 552 | 502 | 555 | 586 | 534 | 526 | 549 | 530 | 507 | 568 | 540,fresh,1741713784.3828712,1741713784.4196992,0.036828041076660156,queried
127.0.0.1:8001,01,41,query,Hey Jude,,542 | 524 | 513 | 523 | 596 | 525 | 506 | 576 | 597 | 572 | 552 | 502 | 555 | 586 | 534 | 526 | 549 | 530 | 507 | 568 | 540,542 | 524 | 513 | 523 | 596 | 525 | 506 | 576 | 597 | 572 | 552 | 502 | 555 | 586 | 534 | 526 | 549 | 530 | 507 | 568 | 540,fresh,1741713784.4012794,1741713784.4073684,0.006088972091674805,queried
127.0.0.1:8003,07,39,query,Hey Jude,,542 | 524 | 513 | 523 | 596 | 525 | 506 | 576 | 597 | 572 | 552 | 502 | 555 | 586 | 534 | 526 | 549 | 530 | 507 | 568 | 540,542 | 524 | 513 | 523 | 596 | 525 | 506 | 576 | 597 | 572 | 552 | 502 | 555 | 586 | 534 | 526 | 549 | 530 | 507 | 568 | 540,fresh,1741713784.4034233,1741713784.4386995,0.035276174545288086,queried
127.0.0.1:8001,01,42,insert,Like a Rolling Stone,545,,,,1741713784.4074223,1741713784.4902005,0.0827782154083252,sent
127.0.0.1:8002,06,38,query,Like a Rolling Stone,,583 | 582 | 504 | 575 | 536 | 520 | 599 | 514 | 585 | 578 | 600 | 509 | 593,583 | 582 | 504 | 575 | 536 | 520 | 599 | 514 | 585 | 578 | 600 | 509 | 593 | 545,stale,1741713784.4197445,1741713784.468515,0.04877042770385742,queried
127.0.0.1:8007,05,29,query,Hey Jude,,542 | 524 | 513 | 523 | 596 | 525 | 506 | 576 | 597 | 572 | 552 | 502 | 555 | 586 | 534 | 526 | 549 | 530 | 507 | 568 | 540,542 | 524 | 513 | 523 | 596 | 525 | 506 | 576 | 597 | 572 | 552 | 502 | 555 | 586 | 534 | 526 | 549 | 530 | 507 | 568 | 540,fresh,1741713784.4332137,1741713784.4845476,0.05133390426635742,queried
127.0.0.1:8005,04,25,query,Hey Jude,,542 | 524 | 513 | 523 | 596 | 525 | 506 | 576 | 597 | 572 | 552 | 502 | 555 | 586 | 534 | 526 | 549 | 530 | 507 | 568 | 540,542 | 524 | 513 | 523 | 596 | 525 | 506 | 576 | 597 | 572 | 552 | 502 | 555 | 586 | 534 | 526 | 549 | 530 | 507 | 568 | 540,fresh,1741713784.4363487,1741713784.500655,0.06430625915527344,queried
127.0.0.1:8003,07,40,query,What's Going On,,510 | 590 | 531 | 521 | 529 | 517 | 569 | 515 | 533 | 563,510 | 590 | 531 | 521 | 529 | 517 | 569 | 515 | 533 | 563,fresh,1741713784.4387343,1741713784.4555514,0.016817092895507812,queried
127.0.0.1:8004,03,25,query,Respect,,528 | 522 | 516 | 566 | 503 | 589 | 584 | 560 | 548 | 512 | 559 | 587,528 | 522 | 516 | 566 | 503 | 589 | 584 | 560 | 548 | 512 | 559 | 587,fresh,1741713784.4535332,1741713784.4599378,0.0064046382904052734,queried
127.0.0.1:8003,07,41,query,Hey Jude,,542 | 524 | 513 | 523 | 596 | 525 | 506 | 576 | 597 | 572 | 552 | 502 | 555 | 586 | 534 | 526 | 549 | 530 | 507 | 568 | 540,542 | 524 | 513 | 523 | 596 | 525 | 506 | 576 | 597 | 572 | 552 | 502 | 555 | 586 | 534 | 526 | 549 | 530 | 507 | 568 | 540,fresh,1741713784.4555948,1741713784.495218,0.039623260498046875,queried
127.0.0.1:8004,03,26,insert,Like a Rolling Stone,571,,,,1741713784.4600794,1741713784.5362577,0.07617831230163574,sent
127.0.0.1:8002,06,39,query,Like a Rolling Stone,,583 | 582 | 504 | 575 | 536 | 520 | 599 | 514 | 585 | 578 | 600 | 509 | 593 | 545,583 | 582 | 504 | 575 | 536 | 520 | 599 | 514 | 585 | 578 | 600 | 509 | 593 | 545 | 571,stale,1741713784.4685557,1741713784.5128086,0.044252872467041016,queried
127.0.0.1:8007,05,30,insert,Hey Jude,594,,,,1741713784.4846,1741713784.5393717,0.05477166175842285,sent
127.0.0.1:8001,01,43,query,Like a Rolling Stone,,583 | 582 | 504 | 575 | 536 | 520 | 599 | 514 | 585 | 578 | 600 | 509 | 593 | 545,583 | 582 | 504 | 575 | 536 | 520 | 599 | 514 | 585 | 578 | 600 | 509 | 593 | 545 | 571,stale,1741713784.4902136,1741713784.4978712,0.007657527923583984,queried
127.0.0.1:8003,07,42,query,Hey Jude,,542 | 524 | 513 | 523 | 596 | 525 | 506 | 576 | 597 | 572 | 552 | 502 | 555 | 586 | 534 | 526 | 549 | 530 | 507 | 568 | 540 | 594,542 | 524 | 513 | 523 | 596 | 525 | 506 | 576 | 597 | 572 | 552 | 502 | 555 | 586 | 534 | 526 | 549 | 530 | 507 | 568 | 540 | 594,fresh,1741713784.4952607,1741713784.5439227,0.04866194725036621,queried
127.0.0.1:8001,01,44,query,Respect,,528 | 522 | 516 | 566 | 503 | 589 | 584 | 560 | 548 | 512 | 559 | 587,528 | 522 | 516 | 566 | 503 | 589 | 584 | 560 | 548 | 512 | 559 | 587,fresh,1741713784.4979148,1741713784.5044363,0.006521463394165039,queried
127.0.0.1:8005,04,26,query,Hey Jude,,542 | 524 | 513 | 523 | 596 | 525 | 506 | 576 | 597 | 572 | 552 | 502 | 555 | 586 | 534 | 526 | 549 | 530 | 507 | 568 | 540 | 594,542 | 524 | 513 | 523 | 596 | 525 | 506 | 576 | 597 | 572 | 552 | 502 | 555 | 586 | 534 | 526 | 549 | 530 | 507 | 568 | 540 | 594,fresh,1741713784.5006928,1741713784.5709817,0.07028889656066895,queried
127.0.0.1:8001,01,45,query,What's Going On,,510 | 590 | 531 | 521 | 529 | 517 | 569 | 515 | 533 | 563,510 | 590 | 531 | 521 | 529 | 517 | 569 | 515 | 533 | 563,fresh,1741713784.5044823,1741713784.5944521,0.08996987342834473,queried
127.0.0.1:8002,06,40,query,What's Going On,,510 | 590 | 531 | 521 | 529 | 517 | 569 | 515 | 533 | 563,510 | 590 | 531 | 521 | 529 | 517 | 569 | 515 | 533 | 563,fresh,1741713784.5128462,1741713784.5203958,0.0075495243072509766,queried
127.0.0.1:8002,06,41,insert,Hey Jude,544,,,,1741713784.5204413,1741713784.5771177,0.056676387786865234,sent
127.0.0.1:8004,03,27,query,Hey Jude,,542 | 524 | 513 | 523 | 596 | 525 | 506 | 576 | 597 | 572 | 552 | 502 | 555 | 586 | 534 | 526 | 549 | 530 | 507 | 568 | 540 | 594 | 544,542 | 524 | 513 | 523 | 596 | 525 | 506 | 576 | 597 | 572 | 552 | 502 | 555 | 586 | 534 | 526 | 549 | 530 | 507 | 568 | 540 | 594 | 544,fresh,1741713784.5362673,1741713784.6367397,0.10047245025634766,queried
127.0.0.1:8007,05,31,query,What's Going On,,510 | 590 | 531 | 521 | 529 | 517 | 569 | 515 | 533 | 563,510 | 590 | 531 | 521 | 529 | 517 | 569 | 515 | 533 | 563,fresh,1741713784.5393856,1741713784.5702622,0.030876636505126953,queried
127.0.0.1:8003,07,43,query,Hey Jude,,542 | 524 | 513 | 523 | 596 | 525 | 506 | 576 | 597 | 572 | 552 | 502 | 555 | 586 | 534 | 526 | 549 | 530 | 507 | 568 | 540 | 594 | 544,542 | 524 | 513 | 523 | 596 | 525 | 506 | 576 | 597 | 572 | 552 | 502 | 555 | 586 | 534 | 526 | 549 | 530 | 507 | 568 | 540 | 594 | 544,fresh,1741713784.5439663,1741713784.5653825,0.021416187286376953,queried
127.0.0.1:8003,07,44,query,Hey Jude,,542 | 524 | 513 | 523 | 596 | 525 | 506 | 576 | 597 | 572 | 552 | 502 | 555 | 586 | 534 | 526 | 549 | 530 | 507 | 568 | 540 | 594 | 544,542 | 524 | 513 | 523 | 596 | 525 | 506 | 576 | 597 | 572 | 552 | 502 | 555 | 586 | 534 | 526 | 549 | 530 | 507 | 568 | 540 | 594 | 544,fresh,1741713784.56544,1741713784.5917196,0.026279687881469727,queried
127.0.0.1:8007,05,32,insert,Hey Jude,565,,,,1741713784.5703137,1741713784.6328843,0.06257057189941406,sent
127.0.0.1:8005,04,27,query,What's Going On,,510 | 590 | 531 | 521 | 529 | 517 | 569 | 515 | 533 | 563,510 | 590 | 531 | 521 | 529 | 517 | 569 | 515 | 533 | 563,fresh,1741713784.5710208,1741713784.6085205,0.03749966621398926,queried
127.0.0.1:8002,06,42,query,Hey Jude,,542 | 524 | 513 | 523 | 596 | 525 | 506 | 576 | 597 | 572 | 552 | 502 | 555 | 586 | 534 | 526 | 549 | 530 | 507 | 568 | 540 | 594 | 544,542 | 524 | 513 | 523 | 596 | 525 | 506 | 576 | 597 | 572 | 552 | 502 | 555 | 586 | 534 | 526 | 549 | 530 | 507 | 568 | 540 | 594 | 544 | 565,stale,1741713784.5771286,1741713784.6117344,0.03460574150085449,queried
127.0.0.1:8003,07,45,query,What's Going On,,510 | 590 | 531 | 521 | 529 | 517 | 569 | 515 | 533 | 563,510 | 590 | 531 | 521 | 529 | 517 | 569 | 515 | 533 | 563,fresh,1741713784.591758,1741713784.5992265,0.007468461990356445,queried
127.0.0.1:8001,01,46,query,Respect,,528 | 522 | 516 | 566 | 503 | 589 | 584 | 560 | 548 | 512 | 559 | 587,528 | 522 | 516 | 566 | 503 | 589 | 584 | 560 | 548 | 512 | 559 | 587,fresh,1741713784.5944948,1741713784.5987937,0.0042989253997802734,queried
127.0.0.1:8001,01,47,query,What's Going On,,510 | 590 | 531 | 521 | 529 | 517 | 569 | 515 | 533 | 563,510 | 590 | 531 | 521 | 529 | 517 | 569 | 515 | 533 | 563,fresh,1741713784.5988395,1741713784.6689,0.07006049156188965,queried
127.0.0.1:8003,07,46,query,Respect,,528 | 522 | 516 | 566 | 503 | 589 | 584 | 560 | 548 | 512 | 559 | 587,528 | 522 | 516 | 566 | 503 | 589 | 584 | 560 | 548 | 512 | 559 | 587,fresh,1741713784.5992637,1741713784.642533,0.04326939582824707,queried
127.0.0.1:8005,04,28,query,What's Going On,,510 | 590 | 531 | 521 | 529 | 517 | 569 | 515 | 533 | 563,510 | 590 | 531 | 521 | 529 | 517 | 569 | 515 | 533 | 563,fresh,1741713784.608561,1741713784.6446767,0.03611564636230469,queried
127.0.0.1:8002,06,43,query,Hey Jude,,542 | 524 | 513 | 523 | 596 | 525 | 506 | 576 | 597 | 572 | 552 | 502 | 555 | 586 | 534 | 526 | 549 | 530 | 507 | 568 | 540 | 594 | 544 | 565,542 | 524 | 513 | 523 | 596 | 525 | 506 | 576 | 597 | 572 | 552 | 502 | 555 | 586 | 534 | 526 | 549 | 530 | 507 | 568 | 540 | 594 | 544 | 565,fresh,1741713784.611791,1741713784.6543312,0.04254031181335449,queried
127.0.0.1:8007,05,33,query,Respect,,528 | 522 | 516 | 566 | 503 | 589 | 584 | 560 | 548 | 512 | 559 | 587,528 | 522 | 516 | 566 | 503 | 589 | 584 | 560 | 548 | 512 | 559 | 587,fresh,1741713784.6328962,1741713784.6869833,0.054087162017822266,queried
127.0.0.1:8004,03,28,query,Respect,,528 | 522 | 516 | 566 | 503 | 589 | 584 | 560 | 548 | 512 | 559 | 587,528 | 522 | 516 | 566 | 503 | 589 | 584 | 560 | 548 | 512 | 559 | 587,fresh,1741713784.6368,1741713784.6455145,0.008714437484741211,queried
127.0.0.1:8003,07,47,query,Hey Jude,,542 | 524 | 513 | 523 | 596 | 525 | 506 | 576 | 597 | 572 | 552 | 502 | 555 | 586 | 534 | 526 | 549 | 530 | 507 | 568 | 540 | 594 | 544 | 565,542 | 524 | 513 | 523 | 596 | 525 | 506 | 576 | 597 | 572 | 552 | 502 | 555 | 586 | 534 | 526 | 549 | 530 | 507 | 568 | 540 | 594 | 544 | 565,fresh,1741713784.6425726,1741713784.6812348,0.03866219520568848,queried
127.0.0.1:8005,04,29,query,Hey Jude,,542 | 524 | 513 | 523 | 596 | 525 | 506 | 576 | 597 | 572 | 552 | 502 | 555 | 586 | 534 | 526 | 549 | 530 | 507 | 568 | 540 | 594 | 544 | 565 | 598,542 | 524 | 513 | 523 | 596 | 525 | 506 | 576 | 597 | 572 | 552 | 502 | 555 | 586 | 534 | 526 | 549 | 530 | 507 | 568 | 540 | 594 | 544 | 565,stale,1741713784.6447139,1741713784.7143567,0.06964278221130371,queried
127.0.0.1:8004,03,29,query,What's Going On,,510 | 590 | 531 | 521 | 529 | 517 | 569 | 515 | 533 | 563,510 | 590 | 531 | 521 | 529 | 517 | 569 | 515 | 533 | 563,fresh,1741713784.6455534,1741713784.680227,0.03467369079589844,queried
127.0.0.1:8002,06,44,insert,Hey Jude,598,,,,1741713784.6543732,1741713784.7083457,0.053972482681274414,sent
127.0.0.1:8001,01,48,query,Hey Jude,,542 | 524 | 513 | 523 | 596 | 525 | 506 | 576 | 597 | 572 | 552 | 502 | 555 | 586 | 534 | 526 | 549 | 530 | 507 | 568 | 540 | 594 | 544 | 565,542 | 524 | 513 | 523 | 596 | 525 | 506 | 576 | 597 | 572 | 552 | 502 | 555 | 586 | 534 | 526 | 549 | 530 | 507 | 568 | 540 | 594 | 544 | 565 | 598,stale,1741713784.6689413,1741713784.6739354,0.00499415397644043,queried
127.0.0.1:8001,01,49,query,Hey Jude,,542 | 524 | 513 | 523 | 596 | 525 | 506 | 576 | 597 | 572 | 552 | 502 | 555 | 586 | 534 | 526 | 549 | 530 | 507 | 568 | 540 | 594 | 544 | 565,542 | 524 | 513 | 523 | 596 | 525 | 506 | 576 | 597 | 572 | 552 | 502 | 555 | 586 | 534 | 526 | 549 | 530 | 507 | 568 | 540 | 594 | 544 | 565 | 598,stale,1741713784.6739786,1741713784.6789892,0.0050106048583984375,queried
127.0.0.1:8004,03,30,query,Hey Jude,,542 | 524 | 513 | 523 | 596 | 525 | 506 | 576 | 597 | 572 | 552 | 502 | 555 | 586 | 534 | 526 | 549 | 530 | 507 | 568 | 540 | 594 | 544 | 565 | 598 | 573,542 | 524 | 513 | 523 | 596 | 525 | 506 | 576 | 597 | 572 | 552 | 502 | 555 | 586 | 534 | 526 | 549 | 530 | 507 | 568 | 540 | 594 | 544 | 565 | 598,stale,1741713784.6802568,1741713784.7465641,0.06630730628967285,queried
127.0.0.1:8003,07,48,query,Hey Jude,,542 | 524 | 513 | 523 | 596 | 525 | 506 | 576 | 597 | 572 | 552 | 502 | 555 | 586 | 534 | 526 | 549 | 530 | 507 | 568 | 540 | 594 | 544 | 565 | 598,542 | 524 | 513 | 523 | 596 | 525 | 506 | 576 | 597 | 572 | 552 | 502 | 555 | 586 | 534 | 526 | 549 | 530 | 507 | 568 | 540 | 594 | 544 | 565 | 598,fresh,1741713784.6812615,1741713784.7088435,0.02758193016052246,queried
127.0.0.1:8007,05,34,insert,Hey Jude,573,,,,1741713784.6870377,1741713784.7415144,0.05447673797607422,sent
127.0.0.1:8002,06,45,query,Hey Jude,,542 | 524 | 513 | 523 | 596 | 525 | 506 | 576 | 597 | 572 | 552 | 502 | 555 | 586 | 534 | 526 | 549 | 530 | 507 | 568 | 540 | 594 | 544 | 565 | 598 | 573,542 | 524 | 513 | 523 | 596 | 525 | 506 | 576 | 597 | 572 | 552 | 502 | 555 | 586 | 534 | 526 | 549 | 530 | 507 | 568 | 540 | 594 | 544 | 565 | 598 | 573,fresh,1741713784.708366,1741713784.7599583,0.051592350006103516,queried
127.0.0.1:8003,07,49,query,Hey Jude,,542 | 524 | 513 | 523 | 596 | 525 | 506 | 576 | 597 | 572 | 552 | 502 | 555 | 586 | 534 | 526 | 549 | 530 | 507 | 568 | 540 | 594 | 544 | 565 | 598 | 573,542 | 524 | 513 | 523 | 596 | 525 | 506 | 576 | 597 | 572 | 552 | 502 | 555 | 586 | 534 | 526 | 549 | 530 | 507 | 568 | 540 | 594 | 544 | 565 | 598 | 573,fresh,1741713784.708901,1741713784.7539268,0.04502582550048828,queried
127.0.0.1:8005,04,30,query,Hey Jude,,542 | 524 | 513 | 523 | 596 | 525 | 506 | 576 | 597 | 572 | 552 | 502 | 555 | 586 | 534 | 526 | 549 | 530 | 507 | 568 | 540 | 594 | 544 | 565 | 598 | 573,542 | 524 | 513 | 523 | 596 | 525 | 506 | 576 | 597 | 572 | 552 | 502 | 555 | 586 | 534 | 526 | 549 | 530 | 507 | 568 | 540 | 594 | 544 | 565 | 598 | 573,fresh,1741713784.7144,1741713784.7633147,0.04891467094421387,queried
127.0.0.1:8007,05,35,query,Hey Jude,,542 | 524 | 513 | 523 | 596 | 525 | 506 | 576 | 597 | 572 | 552 | 502 | 555 | 586 | 534 | 526 | 549 | 530 | 507 | 568 | 540 | 594 | 544 | 565 | 598 | 573,542 | 524 | 513 | 523 | 596 | 525 | 506 | 576 | 597 | 572 | 552 | 502 | 555 | 586 | 534 | 526 | 549 | 530 | 507 | 568 | 540 | 594 | 544 | 565 | 598 | 573,fresh,1741713784.741525,1741713784.7739735,0.032448530197143555,queried
127.0.0.1:8004,03,31,insert,Like a Rolling Stone,527,,,,1741713784.7466047,1741713784.800354,0.05374932289123535,sent
127.0.0.1:8002,06,46,insert,Respect,567,,,,1741713784.76,1741713784.8086793,0.048679351806640625,sent
127.0.0.1:8005,04,31,query,Hey Jude,,542 | 524 | 513 | 523 | 596 | 525 | 506 | 576 | 597 | 572 | 552 | 502 | 555 | 586 | 534 | 526 | 549 | 530 | 507 | 568 | 540 | 594 | 544 | 565 | 598 | 573,542 | 524 | 513 | 523 | 596 | 525 | 506 | 576 | 597 | 572 | 552 | 502 | 555 | 586 | 534 | 526 | 549 | 530 | 507 | 568 | 540 | 594 | 544 | 565 | 598 | 573,fresh,1741713784.7633538,1741713784.8130436,0.04968976974487305,queried
127.0.0.1:8007,05,36,insert,Hey Jude,519,,,,1741713784.7740133,1741713784.81654,0.0425267219543457,sent
127.0.0.1:8004,03,32,query,Hey Jude,,542 | 524 | 513 | 523 | 596 | 525 | 506 | 576 | 597 | 572 | 552 | 502 | 555 | 586 | 534 | 526 | 549 | 530 | 507 | 568 | 540 | 594 | 544 | 565 | 598 | 573 | 519,542 | 524 | 513 | 523 | 596 | 525 | 506 | 576 | 597 | 572 | 552 | 502 | 555 | 586 | 534 | 526 | 549 | 530 | 507 | 568 | 540 | 594 | 544 | 565 | 598 | 573 | 519,fresh,1741713784.8003674,1741713784.8559644,0.05559706687927246,queried
127.0.0.1:8002,06,47,query,Hey Jude,,542 | 524 | 513 | 523 | 596 | 525 | 506 | 576 | 597 | 572 | 552 | 502 | 555 | 586 | 534 | 526 | 549 | 530 | 507 | 568 | 540 | 594 | 544 | 565 | 598 | 573 | 519,542 | 524 | 513 | 523 | 596 | 525 | 506 | 576 | 597 | 572 | 552 | 502 | 555 | 586 | 534 | 526 | 549 | 530 | 507 | 568 | 540 | 594 | 544 | 565 | 598 | 573 | 519,fresh,1741713784.8086896,1741713784.8322494,0.0235598087310791,queried
127.0.0.1:8005,04,32,query,What's Going On,,510 | 590 | 531 | 521 | 529 | 517 | 569 | 515 | 533 | 563,510 | 590 | 531 | 521 | 529 | 517 | 569 | 515 | 533 | 563,fresh,1741713784.813088,1741713784.8525765,0.03948855400085449,queried
127.0.0.1:8007,05,37,insert,Hey Jude,543,,,,1741713784.816552,1741713784.8498178,0.03326582908630371,sent
127.0.0.1:8002,06,48,query,Like a Rolling Stone,,583 | 582 | 504 | 575 | 536 | 520 | 599 | 514 | 585 | 578 | 600 | 509 | 593 | 545 | 571 | 527,583 | 582 | 504 | 575 | 536 | 520 | 599 | 514 | 585 | 578 | 600 | 509 | 593 | 545 | 571 | 527,fresh,1741713784.832296,1741713784.8614855,0.029189586639404297,queried
127.0.0.1:8007,05,38,query,Hey Jude,,542 | 524 | 513 | 523 | 596 | 525 | 506 | 576 | 597 | 572 | 552 | 502 | 555 | 586 | 534 | 526 | 549 | 530 | 507 | 568 | 540 | 594 | 544 | 565 | 598 | 573 | 519 | 543,542 | 524 | 513 | 523 | 596 | 525 | 506 | 576 | 597 | 572 | 552 | 502 | 555 | 586 | 534 | 526 | 549 | 530 | 507 | 568 | 540 | 594 | 544 | 565 | 598 | 573 | 519 | 543,fresh,1741713784.849829,1741713784.8853285,0.03549957275390625,queried
127.0.0.1:8005,04,33,query,Hey Jude,,542 | 524 | 513 | 523 | 596 | 525 | 506 | 576 | 597 | 572 | 552 | 502 | 555 | 586 | 534 | 526 | 549 | 530 | 507 | 568 | 540 | 594 | 544 | 565 | 598 | 573 | 519 | 543,542 | 524 | 513 | 523 | 596 | 525 | 506 | 576 | 597 | 572 | 552 | 502 | 555 | 586 | 534 | 526 | 549 | 530 | 507 | 568 | 540 | 594 | 544 | 565 | 598 | 573 | 519 | 543,fresh,1741713784.8526056,1741713784.8902197,0.03761410713195801,queried
127.0.0.1:8004,03,33,query,Hey Jude,,542 | 524 | 513 | 523 | 596 | 525 | 506 | 576 | 597 | 572 | 552 | 502 | 555 | 586 | 534 | 526 | 549 | 530 | 507 | 568 | 540 | 594 | 544 | 565 | 598 | 573 | 519 | 543,542 | 524 | 513 | 523 | 596 | 525 | 506 | 576 | 597 | 572 | 552 | 502 | 555 | 586 | 534 | 526 | 549 | 530 | 507 | 568 | 540 | 594 | 544 | 565 | 598 | 573 | 519 | 543,fresh,1741713784.8560102,1741713784.9054656,0.04945540428161621,queried
127.0.0.1:8002,06,49,query,Hey Jude,,542 | 524 | 513 | 523 | 596 | 525 | 506 | 576 | 597 | 572 | 552 | 502 | 555 | 586 | 534 | 526 | 549 | 530 | 507 | 568 | 540 | 594 | 544 | 565 | 598 | 573 | 519 | 543,542 | 524 | 513 | 523 | 596 | 525 | 506 | 576 | 597 | 572 | 552 | 502 | 555 | 586 | 534 | 526 | 549 | 530 | 507 | 568 | 540 | 594 | 544 | 565 | 598 | 573 | 519 | 543,fresh,1741713784.8615417,1741713784.8989933,0.03745150566101074,queried
127.0.0.1:8007,05,39,query,Like a Rolling Stone,,583 | 582 | 504 | 575 | 536 | 520 | 599 | 514 | 585 | 578 | 600 | 509 | 593 | 545 | 571 | 527,583 | 582 | 504 | 575 | 536 | 520 | 599 | 514 | 585 | 578 | 600 | 509 | 593 | 545 | 571 | 527,fresh,1741713784.88537,1741713784.9155982,0.030228137969970703,queried
127.0.0.1:8005,04,34,query,Respect,,528 | 522 | 516 | 566 | 503 | 589 | 584 | 560 | 548 | 512 | 559 | 587 | 567,528 | 522 | 516 | 566 | 503 | 589 | 584 | 560 | 548 | 512 | 559 | 587 | 567,fresh,1741713784.8902588,1741713784.926963,0.036704301834106445,queried
127.0.0.1:8004,03,34,query,What's Going On,,510 | 590 | 531 | 521 | 529 | 517 | 569 | 515 | 533 | 563,510 | 590 | 531 | 521 | 529 | 517 | 569 | 515 | 533 | 563,fresh,1741713784.9055047,1741713784.9389193,0.033414602279663086,queried
127.0.0.1:8007,05,40,query,Like a Rolling Stone,,583 | 582 | 504 | 575 | 536 | 520 | 599 | 514 | 585 | 578 | 600 | 509 | 593 | 545 | 571 | 527,583 | 582 | 504 | 575 | 536 | 520 | 599 | 514 | 585 | 578 | 600 | 509 | 593 | 545 | 571 | 527,fresh,1741713784.9156358,1741713784.9454985,0.029862642288208008,queried
127.0.0.1:8005,04,35,query,Respect,,528 | 522 | 516 | 566 | 503 | 589 | 584 | 560 | 548 | 512 | 559 | 587 | 567,528 | 522 | 516 | 566 | 503 | 589 | 584 | 560 | 548 | 512 | 559 | 587 | 567,fresh,1741713784.9270053,1741713784.963311,0.03630566596984863,queried
127.0.0.1:8004,03,35,query,Respect,,528 | 522 | 516 | 566 | 503 | 589 | 584 | 560 | 548 | 512 | 559 | 587 | 567,528 | 522 | 516 | 566 | 503 | 589 | 584 | 560 | 548 | 512 | 559 | 587 | 567,fresh,1741713784.9389582,1741713784.94293,0.00397181510925293,queried
127.0.0.1:8004,03,36,query,Hey Jude,,542 | 524 | 513 | 523 | 596 | 525 | 506 | 576 | 597 | 572 | 552 | 502 | 555 | 586 | 534 | 526 | 549 | 530 | 507 | 568 | 540 | 594 | 544 | 565 | 598 | 573 | 519 | 543,542 | 524 | 513 | 523 | 596 | 525 | 506 | 576 | 597 | 572 | 552 | 502 | 555 | 586 | 534 | 526 | 549 | 530 | 507 | 568 | 540 | 594 | 544 | 565 | 598 | 573 | 519 | 543,fresh,1741713784.9429686,1741713784.9819283,0.03895974159240723,queried
127.0.0.1:8007,05,41,query,Respect,,528 | 522 | 516 | 566 | 503 | 589 | 584 | 560 | 548 | 512 | 559 | 587 | 567,528 | 522 | 516 | 566 | 503 | 589 | 584 | 560 | 548 | 512 | 559 | 587 | 567,fresh,1741713784.9455435,1741713784.9805694,0.035025835037231445,queried
127.0.0.1:8005,04,36,query,Like a Rolling Stone,,583 | 582 | 504 | 575 | 536 | 520 | 599 | 514 | 585 | 578 | 600 | 509 | 593 | 545 | 571 | 527,583 | 582 | 504 | 575 | 536 | 520 | 599 | 514 | 585 | 578 | 600 | 509 | 593 | 545 | 571 | 527,fresh,1741713784.9633462,1741713784.9989676,0.03562140464782715,queried
127.0.0.1:8007,05,42,query,Hey Jude,,542 | 524 | 513 | 523 | 596 | 525 | 506 | 576 | 597 | 572 | 552 | 502 | 555 | 586 | 534 | 526 | 549 | 530 | 507 | 568 | 540 | 594 | 544 | 565 | 598 | 573 | 519 | 543,542 | 524 | 513 | 523 | 596 | 525 | 506 | 576 | 597 | 572 | 552 | 502 | 555 | 586 | 534 | 526 | 549 | 530 | 507 | 568 | 540 | 594 | 544 | 565 | 598 | 573 | 519 | 543,fresh,1741713784.9806116,1741713785.0096617,0.029050111770629883,queried
127.0.0.1:8004,03,37,query,Hey Jude,,542 | 524 | 513 | 523 | 596 | 525 | 506 | 576 | 597 | 572 | 552 | 502 | 555 | 586 | 534 | 526 | 549 | 530 | 507 | 568 | 540 | 594 | 544 | 565 | 598 | 573 | 519 | 543,542 | 524 | 513 | 523 | 596 | 525 | 506 | 576 | 597 | 572 | 552 | 502 | 555 | 586 | 534 | 526 | 549 | 530 | 507 | 568 | 540 | 594 | 544 | 565 | 598 | 573 | 519 | 543,fresh,1741713784.9819584,1741713785.0213964,0.03943800926208496,queried
127.0.0.1:8005,04,37,query,Respect,,528 | 522 | 516 | 566 | 503 | 589 | 584 | 560 | 548 | 512 | 559 | 587 | 567,528 | 522 | 516 | 566 | 503 | 589 | 584 | 560 | 548 | 512 | 559 | 587 | 567,fresh,1741713784.9990058,1741713785.0384786,0.03947281837463379,queried
127.0.0.1:8007,05,43,query,Hey Jude,,542 | 524 | 513 | 523 | 596 | 525 | 506 | 576 | 597 | 572 | 552 | 502 | 555 | 586 | 534 | 526 | 549 | 530 | 507 | 568 | 540 | 594 | 544 | 565 | 598 | 573 | 519 | 543,542 | 524 | 513 | 523 | 596 | 525 | 506 | 576 | 597 | 572 | 552 | 502 | 555 | 586 | 534 | 526 | 549 | 530 | 507 | 568 | 540 | 594 | 544 | 565 | 598 | 573 | 519 | 543,fresh,1741713785.009708,1741713785.0372803,0.0275723934173584,queried
127.0.0.1:8004,03,38,query,Hey Jude,,542 | 524 | 513 | 523 | 596 | 525 | 506 | 576 | 597 | 572 | 552 | 502 | 555 | 586 | 534 | 526 | 549 | 530 | 507 | 568 | 540 | 594 | 544 | 565 | 598 | 573 | 519 | 543,542 | 524 | 513 | 523 | 596 | 525 | 506 | 576 | 597 | 572 | 552 | 502 | 555 | 586 | 534 | 526 | 549 | 530 | 507 | 568 | 540 | 594 | 544 | 565 | 598 | 573 | 519 | 543,fresh,1741713785.0214336,1741713785.0637379,0.042304277420043945,queried
127.0.0.1:8007,05,44,query,Hey Jude,,542 | 524 | 513 | 523 | 596 | 525 | 506 | 576 | 597 | 572 | 552 | 502 | 555 | 586 | 534 | 526 | 549 | 530 | 507 | 568 | 540 | 594 | 544 | 565 | 598 | 573 | 519 | 543,542 | 524 | 513 | 523 | 596 | 525 | 506 | 576 | 597 | 572 | 552 | 502 | 555 | 586 | 534 | 526 | 549 | 530 | 507 | 568 | 540 | 594 | 544 | 565 | 598 | 573 | 519 | 543,fresh,1741713785.0373187,1741713785.0624287,0.02511000633239746,queried
127.0.0.1:8005,04,38,query,Respect,,528 | 522 | 516 | 566 | 503 | 589 | 584 | 560 | 548 | 512 | 559 | 587 | 567,528 | 522 | 516 | 566 | 503 | 589 | 584 | 560 | 548 | 512 | 559 | 587 | 567,fresh,1741713785.0385005,1741713785.0799565,0.041455984115600586,queried
127.0.0.1:8007,05,45,insert,What's Going On,508,,,,1741713785.0624688,1741713785.0873346,0.02486586570739746,sent
127.0.0.1:8004,03,39,query,Hey Jude,,542 | 524 | 513 | 523 | 596 | 525 | 506 | 576 | 597 | 572 | 552 | 502 | 555 | 586 | 534 | 526 | 549 | 530 | 507 | 568 | 540 | 594 | 544 | 565 | 598 | 573 | 519 | 543,542 | 524 | 513 | 523 | 596 | 525 | 506 | 576 | 597 | 572 | 552 | 502 | 555 | 586 | 534 | 526 | 549 | 530 | 507 | 568 | 540 | 594 | 544 | 565 | 598 | 573 | 519 | 543,fresh,1741713785.063796,1741713785.104943,0.04114699363708496,queried
127.0.0.1:8005,04,39,query,What's Going On,,510 | 590 | 531 | 521 | 529 | 517 | 569 | 515 | 533 | 563 | 508,510 | 590 | 531 | 521 | 529 | 517 | 569 | 515 | 533 | 563 | 508,fresh,1741713785.079996,1741713785.1018293,0.021833181381225586,queried
127.0.0.1:8007,05,46,query,Hey Jude,,542 | 524 | 513 | 523 | 596 | 525 | 506 | 576 | 597 | 572 | 552 | 502 | 555 | 586 | 534 | 526 | 549 | 530 | 507 | 568 | 540 | 594 | 544 | 565 | 598 | 573 | 519 | 543,542 | 524 | 513 | 523 | 596 | 525 | 506 | 576 | 597 | 572 | 552 | 502 | 555 | 586 | 534 | 526 | 549 | 530 | 507 | 568 | 540 | 594 | 544 | 565 | 598 | 573 | 519 | 543,fresh,1741713785.0873523,1741713785.1150455,0.02769327163696289,queried
127.0.0.1:8005,04,40,query,Hey Jude,,542 | 524 | 513 | 523 | 596 | 525 | 506 | 576 | 597 | 572 | 552 | 502 | 555 | 586 | 534 | 526 | 549 | 530 | 507 | 568 | 540 | 594 | 544 | 565 | 598 | 573 | 519 | 543,542 | 524 | 513 | 523 | 596 | 525 | 506 | 576 | 597 | 572 | 552 | 502 | 555 | 586 | 534 | 526 | 549 | 530 | 507 | 568 | 540 | 594 | 544 | 565 | 598 | 573 | 519 | 543,fresh,1741713785.1018724,1741713785.132149,0.03027653694152832,queried
127.0.0.1:8004,03,40,query,Hey Jude,,542 | 524 | 513 | 523 | 596 | 525 | 506 | 576 | 597 | 572 | 552 | 502 | 555 | 586 | 534 | 526 | 549 | 530 | 507 | 568 | 540 | 594 | 544 | 565 | 598 | 573 | 519 | 543,542 | 524 | 513 | 523 | 596 | 525 | 506 | 576 | 597 | 572 | 552 | 502 | 555 | 586 | 534 | 526 | 549 | 530 | 507 | 568 | 540 | 594 | 544 | 565 | 598 | 573 | 519 | 543,fresh,1741713785.1049852,1741713785.1582665,0.053281307220458984,queried
127.0.0.1:8007,05,47,query,Like a Rolling Stone,,583 | 582 | 504 | 575 | 536 | 520 | 599 | 514 | 585 | 578 | 600 | 509 | 593 | 545 | 571 | 527,583 | 582 | 504 | 575 | 536 | 520 | 599 | 514 | 585 | 578 | 600 | 509 | 593 | 545 | 571 | 527,fresh,1741713785.1150746,1741713785.1528842,0.03780961036682129,queried
127.0.0.1:8005,04,41,insert,What's Going On,564,,,,1741713785.132188,1741713785.1555333,0.023345232009887695,sent
127.0.0.1:8007,05,48,query,What's Going On,,510 | 590 | 531 | 521 | 529 | 517 | 569 | 515 | 533 | 563 | 508 | 564,510 | 590 | 531 | 521 | 529 | 517 | 569 | 515 | 533 | 563 | 508 | 564,fresh,1741713785.1529264,1741713785.1690261,0.01609969139099121,queried
127.0.0.1:8005,04,42,query,Like a Rolling Stone,,583 | 582 | 504 | 575 | 536 | 520 | 599 | 514 | 585 | 578 | 600 | 509 | 593 | 545 | 571 | 527,583 | 582 | 504 | 575 | 536 | 520 | 599 | 514 | 585 | 578 | 600 | 509 | 593 | 545 | 571 | 527,fresh,1741713785.1555433,1741713785.1899946,0.03445124626159668,queried
127.0.0.1:8004,03,41,query,Hey Jude,,542 | 524 | 513 | 523 | 596 | 525 | 506 | 576 | 597 | 572 | 552 | 502 | 555 | 586 | 534 | 526 | 549 | 530 | 507 | 568 | 540 | 594 | 544 | 565 | 598 | 573 | 519 | 543,542 | 524 | 513 | 523 | 596 | 525 | 506 | 576 | 597 | 572 | 552 | 502 | 555 | 586 | 534 | 526 | 549 | 530 | 507 | 568 | 540 | 594 | 544 | 565 | 598 | 573 | 519 | 543,fresh,1741713785.158302,1741713785.2060153,0.047713279724121094,queried
127.0.0.1:8007,05,49,query,Hey Jude,,542 | 524 | 513 | 523 | 596 | 525 | 506 | 576 | 597 | 572 | 552 | 502 | 555 | 586 | 534 | 526 | 549 | 530 | 507 | 568 | 540 | 594 | 544 | 565 | 598 | 573 | 519 | 543,542 | 524 | 513 | 523 | 596 | 525 | 506 | 576 | 597 | 572 | 552 | 502 | 555 | 586 | 534 | 526 | 549 | 530 | 507 | 568 | 540 | 594 | 544 | 565 | 598 | 573 | 519 | 543,fresh,1741713785.169064,1741713785.1987936,0.029729604721069336,queried
127.0.0.1:8005,04,43,query,What's Going On,,510 | 590 | 531 | 521 | 529 | 517 | 569 | 515 | 533 | 563 | 508 | 564,510 | 590 | 531 | 521 | 529 | 517 | 569 | 515 | 533 | 563 | 508 | 564,fresh,1741713785.1900256,1741713785.2118344,0.021808862686157227,queried
127.0.0.1:8004,03,42,query,Respect,,528 | 522 | 516 | 566 | 503 | 589 | 584 | 560 | 548 | 512 | 559 | 587 | 567,528 | 522 | 516 | 566 | 503 | 589 | 584 | 560 | 548 | 512 | 559 | 587 | 567,fresh,1741713785.2060492,1741713785.2099035,0.0038542747497558594,queried
127.0.0.1:8004,03,43,query,Hey Jude,,542 | 524 | 513 | 523 | 596 | 525 | 506 | 576 | 597 | 572 | 552 | 502 | 555 | 586 | 534 | 526 | 549 | 530 | 507 | 568 | 540 | 594 | 544 | 565 | 598 | 573 | 519 | 543,542 | 524 | 513 | 523 | 596 | 525 | 506 | 576 | 597 | 572 | 552 | 502 | 555 | 586 | 534 | 526 | 549 | 530 | 507 | 568 | 540 | 594 | 544 | 565 | 598 | 573 | 519 | 543,fresh,1741713785.2099452,1741713785.2513447,0.041399478912353516,queried
127.0.0.1:8005,04,44,insert,What's Going On,592,,,,1741713785.2118702,1741713785.2351196,0.023249387741088867,sent
127.0.0.1:8005,04,45,insert,Hey Jude,535,,,,1741713785.2351303,1741713785.2656164,0.030486106872558594,sent
127.0.0.1:8004,03,44,query,Respect,,528 | 522 | 516 | 566 | 503 | 589 | 584 | 560 | 548 | 512 | 559 | 587 | 567,528 | 522 | 516 | 566 | 503 | 589 | 584 | 560 | 548 | 512 | 559 | 587 | 567,fresh,1741713785.2513788,1741713785.2555635,0.004184722900390625,queried
127.0.0.1:8004,03,45,query,Like a Rolling Stone,,583 | 582 | 504 | 575 | 536 | 520 | 599 | 514 | 585 | 578 | 600 | 509 | 593 | 545 | 571 | 527,583 | 582 | 504 | 575 | 536 | 520 | 599 | 514 | 585 | 578 | 600 | 509 | 593 | 545 | 571 | 527,fresh,1741713785.2556062,1741713785.2877114,0.032105207443237305,queried
127.0.0.1:8005,04,46,query,Like a Rolling Stone,,583 | 582 | 504 | 575 | 536 | 520 | 599 | 514 | 585 | 578 | 600 | 509 | 593 | 545 | 571 | 527,583 | 582 | 504 | 575 | 536 | 520 | 599 | 514 | 585 | 578 | 600 | 509 | 593 | 545 | 571 | 527,fresh,1741713785.2656279,1741713785.2929516,0.02732372283935547,queried
127.0.0.1:8004,03,46,query,Hey Jude,,542 | 524 | 513 | 523 | 596 | 525 | 506 | 576 | 597 | 572 | 552 | 502 | 555 | 586 | 534 | 526 | 549 | 530 | 507 | 568 | 540 | 594 | 544 | 565 | 598 | 573 | 519 | 543 | 535,542 | 524 | 513 | 523 | 596 | 525 | 506 | 576 | 597 | 572 | 552 | 502 | 555 | 586 | 534 | 526 | 549 | 530 | 507 | 568 | 540 | 594 | 544 | 565 | 598 | 573 | 519 | 543 | 535,fresh,1741713785.287755,1741713785.3269534,0.03919839859008789,queried
127.0.0.1:8005,04,47,query,Hey Jude,,542 | 524 | 513 | 523 | 596 | 525 | 506 | 576 | 597 | 572 | 552 | 502 | 555 | 586 | 534 | 526 | 549 | 530 | 507 | 568 | 540 | 594 | 544 | 565 | 598 | 573 | 519 | 543 | 535,542 | 524 | 513 | 523 | 596 | 525 | 506 | 576 | 597 | 572 | 552 | 502 | 555 | 586 | 534 | 526 | 549 | 530 | 507 | 568 | 540 | 594 | 544 | 565 | 598 | 573 | 519 | 543 | 535,fresh,1741713785.2929928,1741713785.3272185,0.0342257022857666,queried
127.0.0.1:8004,03,47,query,Like a Rolling Stone,,583 | 582 | 504 | 575 | 536 | 520 | 599 | 514 | 585 | 578 | 600 | 509 | 593 | 545 | 571 | 527,583 | 582 | 504 | 575 | 536 | 520 | 599 | 514 | 585 | 578 | 600 | 509 | 593 | 545 | 571 | 527,fresh,1741713785.3269882,1741713785.3581154,0.031127214431762695,queried
127.0.0.1:8005,04,48,query,Like a Rolling Stone,,583 | 582 | 504 | 575 | 536 | 520 | 599 | 514 | 585 | 578 | 600 | 509 | 593 | 545 | 571 | 527,583 | 582 | 504 | 575 | 536 | 520 | 599 | 514 | 585 | 578 | 600 | 509 | 593 | 545 | 571 | 527,fresh,1741713785.3272378,1741713785.3539953,0.026757478713989258,queried
127.0.0.1:8005,04,49,query,What's Going On,,510 | 590 | 531 | 521 | 529 | 517 | 569 | 515 | 533 | 563 | 508 | 564 | 592,510 | 590 | 531 | 521 | 529 | 517 | 569 | 515 | 533 | 563 | 508 | 564 | 592,fresh,1741713785.3540328,1741713785.3718326,0.017799854278564453,queried
127.0.0.1:8004,03,48,query,Hey Jude,,542 | 524 | 513 | 523 | 596 | 525 | 506 | 576 | 597 | 572 | 552 | 502 | 555 | 586 | 534 | 526 | 549 | 530 | 507 | 568 | 540 | 594 | 544 | 565 | 598 | 573 | 519 | 543 | 535,542 | 524 | 513 | 523 | 596 | 525 | 506 | 576 | 597 | 572 | 552 | 502 | 555 | 586 | 534 | 526 | 549 | 530 | 507 | 568 | 540 | 594 | 544 | 565 | 598 | 573 | 519 | 543 | 535,fresh,1741713785.3581476,1741713785.3850737,0.026926040649414062,queried
127.0.0.1:8004,03,49,query,Hey Jude,,542 | 524 | 513 | 523 | 596 | 525 | 506 | 576 | 597 | 572 | 552 | 502 | 555 | 586 | 534 | 526 | 549 | 530 | 507 | 568 | 540 | 594 | 544 | 565 | 598 | 573 | 519 | 543 | 535,542 | 524 | 513 | 523 | 596 | 525 | 506 | 576 | 597 | 572 | 552 | 502 | 555 | 586 | 534 | 526 | 549 | 530 | 507 | 568 | 540 | 594 | 544 | 565 | 598 | 573 | 519 | 543 | 535,fresh,1741713785.3851037,1741713785.4072635,0.022159814834594727,queried
